1709085685,   3060269,18692607528,4096,0.863335373429821,2
1709085685,  20414470,19558843640,4096,0.7724661949519508,2
1709085685,  22068733,5198369800,4096,0.7696087601562743,2
1709085685,  46926588,71076496,4096,0.6792407340565678,2
1709085685,  47251858,4739575264,4096,0.7285478622547171,2
1709085685,  47853018,39174576,4096,0.5845526402385733,2
1709085685,  49612485,4501245956,4096,0.6874414444974131,2
1709085685,  53824899,5403051400,4096,0.8224268252491791,2
1709085685,  59865483,4295744408,4096,0.8074083055685798,2
1709085685,  60233694,4389941736,4096,0.8427350464657257,2
1709085685,  60495628,4492372584,4096,0.7534800513716031,2
1709085685, 289021346,5334947648,4096,0.8583124471063753,2
1709085685, 290543569,18872479128,4096,0.7333095852354018,2
1709085685, 292135569,18609955408,4096,0.8427963841535067,2
1709085685, 295909995,4974126416,4096,0.7801449458813774,2
1709085685, 298723639,18407276072,4096,0.6289918171854927,2
1709085685, 825992487,4506818872,4096,0.9141188679696416,2
1709085685, 826899594,4505980688,4096,0.8219100581460929,2
1709085685, 827644603,18292572964,4096,0.8107491357313954,2
1709085685, 828258645,18445835152,4096,0.817717670634077,2
1709085685, 829598373,5632753636,4096,0.8882860736434992,2
1709085685, 829912909,19215633444,4096,0.8681464244790478,2
1709085685, 837312544,19560287352,4096,0.7482054136608979,2
1709085685, 837652844,19565923304,4096,0.7410388302503031,2
1709085685, 838225019,19272762568,4096,0.8050726156574893,2
1709085685, 838617920,19395037256,4096,0.781219731455022,2
1709085685, 839006527,19564144552,4096,0.7668939500158736,2
1709085685, 839426266,19553519480,4096,0.7733810825460983,2
1709085685, 841426196,19555551048,4096,0.6810924347454757,2
1709085685, 842619928,19400409160,4096,0.7771366619013568,2
1709085685, 846124906,19402855848,4096,0.7539775047850698,2
1709085685, 847322932,18603751056,4096,0.6169170935089962,2
1709085685, 859668182,4427568936,4096,0.3766781850938882,2
1709085685, 861278432,4676828592,4096,0.940869354375412,2
1709085685, 945451567,4538685460,4096,0.8726001348955001,2
1709085685, 970310606,19209253840,4096,0.8818114126895611,2
1709085685, 976303957,19397749176,4096,0.7519530077706914,2
1709085685, 984635390,5110107384,4096,0.8489490408452814,2
1709085685, 992019997,5619040264,4096,0.931396772360503,2
1709085686,  35116728,5049673224,4096,0.776334031523348,2
1709085686,  35581553,4731044584,4096,0.8928308260410248,2
1709085686,  36059261,5470206664,4096,0.8187537646739791,2
1709085686,  40864247,5026662520,4096,0.8352440957657922,2
1709085686,  41177709,5542306248,4096,0.9260083192168709,2
1709085686,  64767871,5326807324,4096,0.1576226626770406,2
1709085686, 973873266,5733642268,4096,0.7731620488967911,2
1709085686, 974799697,19549735192,4096,0.37930625655245187,2
1709085687,  25796314,19549734424,4096,0.4705169070829162,2
1709085687,  52481489,19549753144,4096,0.5038342008844914,2
1709085687, 243019151,5736337420,4096,0.23797499928610816,2
1709085689, 202869678,5317256552,4096,0.7120685423105707,2
1709085692, 701458040,5329119832,4096,0.9887838009318335,2
1709085692, 702860031,5329118680,4096,0.9887838009318335,2
1709085692, 859352714,5329399824,4096,0.6359011047366282,2
1709085693, 292437078,5646356496,4096,0.9493268265318316,2
1709085693, 293214292,5646356496,4096,0.9405121740454722,2
1709085693, 306601910,5641392204,4096,0.6391570583373447,2
1709085693, 306987297,5677047820,4096,0.9882342785391863,2
1709085693, 307607780,5644546092,4096,0.6553466993761905,2
1709085693, 307841803,5760942156,4096,0.9890326982980467,2
1709085693, 333666992,5766005580,4096,0.5365144600779828,2
1709085693, 334870386,5244452876,4096,0.9945179768330378,2
1709085693, 336055530,5704799580,4096,0.9935026664192823,2
1709085693, 453525414,5766254592,4096,0.7394786374514493,2
1709085694, 594907225,5738576680,4096,0.3350771784357542,2
1709085695,  86311623,5684207632,4096,0.9650239612875753,2
1709085695, 159707891,19300111688,4096,0.7758336068336654,2
1709085695, 381362024,5684215824,4096,0.9704318505478736,2
1709085695, 425993860,5686071319,4096,0.8451975349601218,2
1709085695, 426878424,5686071319,4096,0.8190200242776842,2
1709085695, 427809149,5686071319,4096,0.8247011244775994,2
1709085695, 447894334,5684224016,4096,0.9695481272211874,2
1709085695, 522034538,5797333536,4096,0.44256759909591337,2
1709085695, 523372119,5797338828,4096,0.3845864171246897,2
1709085695, 972362420,5841346576,4096,0.7893096766013171,2
1709085695, 993630602,5841350672,4096,0.7972597337839675,2
1709085696,  57705782,5800497168,4096,0.9925924498844371,2
1709085696, 794665679,5879267351,4096,0.9929397956599679,2
1709085697, 490050106,5674672132,4096,0.9591316107455266,2
1709085698, 545243822,19547627544,4096,0.42046192703874496,2
1709085698, 587708261,19547662824,4096,0.6208400700269436,2
1709085699,  56447742,5706702864,4096,0.6322645148516703,2
1709085701, 185710636,5883002896,4096,0.6285754685949041,2
1709085701, 401784716,5884157968,4096,0.9576952317821956,2
1709085701, 697483512,5973291024,4096,0.9189515825828587,2
1709085701, 751455871,5975494672,4096,0.9639527404280265,2
1709085702, 325598135,5954007063,4096,0.9482329886138067,2
1709085702, 326921760,6011682839,4096,0.9926725369191508,2
1709085702, 382259612,5946519568,4096,0.8332712496841147,2
1709085702, 393610801,5946527760,4096,0.7215696933514762,2
1709085702, 459296119,6015746064,4096,0.9677830910841143,2
1709085703, 246179245,19572748264,4096,0.6764150858551253,2
1709085703, 439044255,5931290647,4096,0.9865694218488782,2
1709085703, 512045475,6046883863,4096,0.9878746345414378,2
1709085703, 667920896,5981925468,4096,0.9157222458095253,2
1709085704, 109460145,6048348192,4096,0.9936152203240042,2
1709085704, 179738970,19545979880,4096,0.6756943779430734,2
1709085704, 452698888,6037528599,4096,0.9852363750150691,2
1709085704, 455011207,6080536592,4096,0.928921680946617,2
1709085704, 456234997,6025407696,4096,0.8000975899315275,2
1709085704, 457150693,5742899216,4096,0.9469714746057638,2
1709085704, 469171746,6004004780,4096,0.9935673700751176,2
1709085704, 471970360,6017634320,4096,0.9303735431037583,2
1709085704, 477928285,6040748092,4096,0.9815053338796765,2
1709085704, 478837540,6017642512,4096,0.9919782809541515,2
1709085704, 480706503,6040748092,4096,0.9765101382883047,2
1709085704, 586226186,6080565264,4096,0.9877600031614927,2
1709085704, 588377480,6080565264,4096,0.9839462995975728,2
1709085704, 733596266,6080569360,4096,0.9830295439732277,2
1709085704, 980052543,6023298192,4096,0.9303694621747535,2
1709085705, 160429639,6096922064,4096,0.9928007882557666,2
1709085705, 448889824,6073102352,4096,0.9699883694462293,2
1709085705, 449950442,6072422423,4096,0.7886714273065686,2
1709085705, 455766665,6096638864,4096,0.6303286495786943,2
1709085705, 491566816,6073106448,4096,0.9454972825643446,2
1709085705, 611522927,6121406480,4096,0.9899931868080463,2
1709085705, 751596427,6200717335,4096,0.09467466118328463,2
1709085705, 777337884,6131519511,4096,0.9910006809759448,2
1709085706,   9534972,6200721628,4096,0.9882403722055677,2
1709085708,  32480461,6234077584,4096,0.7750621269917778,2
1709085708, 625541977,6186863760,4096,0.7947314906466372,2
1709085708, 689518283,6226206743,4096,0.9936621335444608,2
1709085708, 738714641,6230549372,4096,0.9758808902150139,2
1709085708, 740623324,6114377751,4096,0.9868101439498204,2
1709085708, 911418248,19543420696,4096,0.619614767555029,2
1709085708, 949325680,19543419928,4096,0.6001778327527708,2
1709085708, 951177467,19543423000,4096,0.6093426609494845,2
1709085709, 812721445,6175698960,4096,0.9260532708298419,2
1709085710,  37070174,6211563728,4096,0.5948391530387003,2
1709085710,  53250928,6240817212,4096,0.9935452704217381,2
1709085710,  69619656,6099320860,4096,0.9356237292387025,2
1709085710,  71448900,6099320860,4096,0.9172380844986818,2
1709085710,  72182101,6228283932,4096,0.6439365244671129,2
1709085710, 282076153,6212079632,4096,0.9442893537072291,2
1709085710, 283875339,6212079632,4096,0.9390417976118546,2
1709085710, 304116181,6212083728,4096,0.9311995330920865,2
1709085710, 461001765,6211076112,4096,0.955269731549211,2
1709085710, 605782563,6211547136,4096,0.9545456252449301,2
1709085710, 616891141,6300890668,4096,0.6261350385656576,2
1709085710, 717784039,6134587628,4096,0.7845661265523334,2
1709085710, 876595482,6149056140,4096,0.9940467133349484,2
1709085710, 880124076,6137525420,4096,0.9931640570260436,2
1709085711,  51536262,6136291516,4096,0.9935584130013332,2
1709085711, 481752234,6312009728,4096,0.7707286155473217,2
1709085711, 654971120,6252154896,4096,0.9711577548773456,2
1709085711, 668160141,6252175376,4096,0.698780249584045,2
1709085711, 670316803,6252175376,4096,0.7103931137816348,2
1709085711, 681855854,6252183568,4096,0.7587136359107627,2
1709085711, 683563793,6252187664,4096,0.7053939182369037,2
1709085712, 496605967,6078263319,4096,0.637542650489134,2
1709085712, 499799629,6136303676,4096,0.820549883398599,2
1709085712, 594920317,6415097879,4096,0.9905308001283318,2
1709085712, 736489203,6206939532,4096,0.5699146747941722,2
1709085712, 860718917,6206939372,4096,0.6063398530635215,2
1709085712, 908736572,6206518892,4096,0.8341702671463501,2
1709085712, 951084000,6206529328,4096,0.8330997938462548,2
1709085713, 307208075,6383661072,4096,0.747224875241641,2
1709085713, 343576108,6382637072,4096,0.9678378410948397,2
1709085713, 354996001,6382653456,4096,0.9243565681228558,2
1709085713, 748394032,6324047872,4096,0.538773681110909,2
1709085713, 882545033,6438682624,4096,0.8001737493833336,2
1709085714,  65903238,6380556304,4096,0.9666103451553271,2
1709085714, 122297414,6380601360,4096,0.8792172958513029,2
1709085714, 126429315,6397546519,4096,0.920703185161346,2
1709085714, 133996417,6380609552,4096,0.9327560114705421,2
1709085714, 134510623,6358753303,4096,0.9818953392513289,2
1709085714, 145787741,6380613648,4096,0.9589170722862087,2
1709085714, 146228949,6438449175,4096,0.9936817843373408,2
1709085714, 149640532,6357712919,4096,0.8433124286869318,2
1709085714, 182226625,6380621840,4096,0.9359054110145872,2
1709085714, 182574439,6363095836,4096,0.994205931730161,2
1709085714, 183661894,6363303936,4096,0.8625008216371904,2
1709085714, 216199679,6442303516,4096,0.9704962429256088,2
1709085714, 253954674,6409801820,4096,0.9534295655200086,2
1709085714, 255769963,6409568279,4096,0.9760779752393725,2
1709085714, 296585506,6415188444,4096,0.9238727189933792,2
1709085714, 759770698,6315810839,4096,0.6922529580619088,2
1709085714, 864957596,6424297644,4096,0.9926550199300097,2
1709085714, 867626317,6424301628,4096,0.9553940136802779,2
1709085714, 873936350,6424306076,4096,0.8443081804481503,2
1709085715, 380792707,6398545920,4096,0.7225911431516514,2
1709085715, 382769020,6349139968,4096,0.7141634064196327,2
1709085715, 461374984,19541262360,4096,0.26770240898036957,2
1709085715, 462190844,19532873704,4096,0.27678414723658046,2
1709085715, 463067894,19534970840,4096,0.26603135729219185,2
1709085715, 464805890,19537068024,4096,0.2767064343357298,2
1709085715, 465679719,19539165160,4096,0.27678414723658046,2
1709085715, 467068828,19541262296,4096,0.2823936135886703,2
1709085715, 599873660,19541265384,4096,0.624791297843421,2
1709085715, 630559658,19541274264,4096,0.6892947826695215,2
1709085715, 646228464,6383771952,4096,0.9909815438349256,2
1709085715, 930873430,6442496048,4096,0.7838523730703796,2
1709085716,  94273123,6435876880,4096,0.9925285697840784,2
1709085716,  95504428,6435876880,4096,0.9913434375628022,2
1709085716,  97475374,6435876880,4096,0.9909005564157253,2
1709085716,  98690576,6435876880,4096,0.9878017837134307,2
1709085716, 103873434,6435876880,4096,0.9747600016196288,2
1709085716, 105791778,6435876880,4096,0.9718811066997335,2
1709085717, 634576122,19339018248,4096,0.7055959314913383,2
1709085717, 723110887,6430654480,4096,0.9879824742415723,2
1709085720, 221738294,6504331744,4096,0.9929959272985894,2
1709085720, 728602054,6511865932,4096,0.9771928962280616,2
1709085723,   6297681,6541158816,4096,0.001495760314329581,2
1709085723,  96761638,6541156440,4096,0.3239131669251154,2
1709085723, 418134259,6543573015,4096,0.8817659816995731,2
1709085724,  89487315,6549426300,4096,0.757009434119672,2
1709085728, 522499570,6528872460,4096,0.925596810687053,2
1709085728, 527134943,6528872460,4096,0.8650481702314902,2
1709085728, 542190781,6566670588,4096,0.9349232993673025,2
1709085728, 628639736,6538694732,4096,0.46698111397913794,2
1709085729, 185842169,6552748140,4096,0.9272164302038451,2
1709085729, 186179248,6579941548,4096,0.9332611775373204,2
1709085730,  48111833,19539181544,4096,0.3727258825163749,2
1709085730, 153287995,6559170716,4096,0.9936840629119977,2
1709085730, 576556163,19539353624,4096,0.39848236291122296,2
1709085730, 634596014,6605361168,4096,0.9195140744837612,2
1709085730, 650817673,6643634556,4096,0.9885008778912678,2
1709085730, 708611692,6609101036,4096,0.966431416918313,2
1709085730, 946386575,6593896464,4096,0.947001708260051,2
1709085730, 947121922,6593896464,4096,0.947001708260051,2
1709085730, 965580755,6594953232,4096,0.7810332518253892,2
1709085731,  15948413,6643224592,4096,0.9633299416503792,2
1709085731,  16484089,6643224592,4096,0.9568409464933155,2
1709085731, 494901173,6625566736,4096,0.8911242632642066,2
1709085731, 504743021,6686810476,4096,0.980338473792158,2
1709085731, 633262441,6693175340,4096,0.7234577450813783,2
1709085731, 634556008,6658101264,4096,0.952732854614313,2
1709085731, 637401857,6693217212,4096,0.9690207342579582,2
1709085731, 686544540,6658867596,4096,0.9848734371270952,2
1709085733, 342468967,6680825879,4096,0.8711569202187743,2
1709085733, 346030840,6680871100,4096,0.6308797952956152,2
1709085733, 376126413,6718783511,4096,0.974967550122225,2
1709085733, 809789281,6726623248,4096,0.9484299966252445,2
1709085733, 905706506,6726623248,4096,0.9421303517391078,2
1709085734, 873550601,6749134864,4096,0.8351753094288077,2
1709085735,   2598294,6749143056,4096,0.9619895022530957,2
1709085735, 117216963,6715662352,4096,0.9731490761049014,2
1709085735, 128695898,6715662352,4096,0.9674196372778537,2
1709085735, 147966297,6715666448,4096,0.9878643255373646,2
1709085735, 188224694,6750277648,4096,0.6634144448226744,2
1709085735, 210454732,6750285840,4096,0.6560398595277254,2
1709085735, 246667107,6667652240,4096,0.7080526180327403,2
1709085735, 349096183,6735382352,4096,0.4718213537941869,2
1709085735, 824126374,6670909720,4096,0.7994021661564508,2
1709085735, 984507274,6730932240,4096,0.9936483825668825,2
1709085735, 998323219,6752268428,4096,0.9916424109932481,2
1709085735, 999582435,6752371676,4096,0.9928797138233859,2
1709085736,    789049,6703296844,4096,0.993859744942603,2
1709085736,  51821203,6703350012,4096,0.8898706036335423,2
1709085736,  72359405,6752976912,4096,0.9868280402436834,2
1709085736,  93498767,6794674252,4096,0.8932911962145804,2
1709085736,  96060138,6794724316,4096,0.9924401892964937,2
1709085736, 108872361,6795817116,4096,0.9918024870032548,2
1709085736, 138086590,6795748252,4096,0.9904929529828375,2
1709085736, 142477205,6795817116,4096,0.6701568016762188,2
1709085736, 147088961,6796927164,4096,0.9942439457452192,2
1709085736, 149644964,6796927164,4096,0.9942439457452192,2
1709085736, 158466987,19537076200,4096,0.3757420099059237,2
1709085736, 159266745,6800990636,4096,0.6622853684767277,2
1709085736, 163422263,6800212140,4096,0.9924873890745843,2
1709085736, 166074882,6800212908,4096,0.9857618353172874,2
1709085736, 400557340,19537303576,4096,0.45286124419460505,2
1709085736, 630085595,6765662224,4096,0.9781506645530702,2
1709085736, 639379958,6765662224,4096,0.975368012209387,2
1709085736, 639823314,6740193576,4096,0.991521328281165,2
1709085736, 640269890,6770864128,4096,0.900455828057813,2
1709085736, 640708951,6815934000,4096,0.9550377252038292,2
1709085736, 641852229,6817043856,4096,0.6615884814894963,2
1709085736, 649755336,6765662224,4096,0.9299471586064296,2
1709085736, 664993668,6817043248,4096,0.6686903163691237,2
1709085737, 580811659,6856302592,4096,0.359430405258305,2
1709085737, 828535739,6864674839,4096,0.8462637865930112,2
1709085738,  17218393,6869917704,4096,0.6293739694009621,2
1709085738,  27495120,6869855264,4096,0.7686366080706132,2
1709085738, 246898124,6840995856,4096,0.9854658101699224,2
1709085738, 402139106,6842150928,4096,0.990612317861645,2
1709085738, 466665044,6836936720,4096,0.9690914621728137,2
1709085738, 847634091,6889349120,4096,0.7015835154846812,2
1709085738, 847813366,6923939840,4096,0.9045256864763416,2
1709085738, 848104284,6928130048,4096,0.8850576384116077,2
1709085738, 871903779,6822559760,4096,0.9821764898707621,2
1709085739, 243565693,6943330828,4096,0.9390855453472507,2
1709085739, 250921315,6942400768,4096,0.992377037435417,2
1709085739, 260190988,6902501436,4096,0.9464208716284377,2
1709085739, 263990104,6909903132,4096,0.9938282205876422,2
1709085739, 270434325,6909903132,4096,0.9938282205876422,2
1709085739, 275845838,6909944620,4096,0.9879254354648312,2
1709085739, 308823758,6912324380,4096,0.9656187448521728,2
1709085739, 327495144,6879846860,4096,0.9458821705291893,2
1709085739, 345156366,6879871980,4096,0.9716883495717236,2
1709085739, 509165696,6849048588,4096,0.8904656367559958,2
1709085739, 511983633,6849069276,4096,0.9537286514795922,2
1709085739, 568824385,6921646204,4096,0.43224405524238285,2
1709085739, 592936268,6921646492,4096,0.4372256256669713,2
1709085740, 147519362,6960238608,4096,0.9433654244964563,2
1709085740, 153628650,6959206416,4096,0.7952104861817767,2
1709085740, 254566635,6971412524,4096,0.7451667350143715,2
1709085740, 264139034,6933320124,4096,0.912204535878812,2
1709085740, 280853429,6971142204,4096,0.9888676407030559,2
1709085740, 305262672,6973432348,4096,0.853726593734963,2
1709085740, 343181913,6975684844,4096,0.6026164462985293,2
1709085740, 370678542,6975684812,4096,0.7017014022470996,2
1709085740, 383417766,6975684712,4096,0.7185111551586016,2
1709085741, 686614673,6877646864,4096,0.9545214896825236,2
1709085741, 811053719,19535145960,4096,0.5205677473214553,2
1709085742, 202390741,6961030012,4096,0.9884783665678999,2
1709085742, 379363657,6980976732,4096,0.7327160035330413,2
1709085742, 406934358,6980517904,4096,0.6764451808492397,2
1709085742, 430393553,6980517904,4096,0.6725123557388755,2
1709085742, 448271622,7010578508,4096,0.9905994925204187,2
1709085742, 723714546,6920511511,4096,0.9936654950018657,2
1709085742, 729867848,6950068716,4096,0.9868108018365486,2
1709085742, 732491482,6950068268,4096,0.9436370012303532,2
1709085742, 849548069,7030857996,4096,0.10676989025054105,2
1709085743, 107216092,7004130448,4096,0.9932555306709606,2
1709085743, 496028130,7049502736,4096,0.9687033684489438,2
1709085743, 523186607,7049510928,4096,0.9626795713930272,2
1709085743, 524493056,6988804119,4096,0.988244071803691,2
1709085743, 617135033,7032823856,4096,0.7061475937284162,2
1709085743, 762949611,7081733440,4096,0.9932553934750084,2
1709085743, 882111332,7049695248,4096,0.9850441253189288,2
1709085743, 889937147,7049695248,4096,0.9804979116791901,2
1709085743, 963159508,7083577360,4096,0.9829790825873697,2
1709085743, 987276759,7083581456,4096,0.9935298130487948,2
1709085743, 994595882,7083581456,4096,0.9626228581095501,2
1709085744,   3007828,7079391248,4096,0.9817699405057096,2
1709085744,  32864122,7085719568,4096,0.979133042282755,2
1709085744,  35876363,7085719568,4096,0.9761971236993134,2
1709085744,  72347340,7083606032,4096,0.9758970634285061,2
1709085744, 249167931,7101648904,4096,0.9248840175481818,2
1709085744, 375931105,7073165548,4096,0.9926738903931396,2
1709085744, 387525978,7099494684,4096,0.99432207725888,2
1709085744, 391061014,7099494492,4096,0.9881911499104865,2
1709085744, 402673063,7109505047,4096,0.990260484257551,2
1709085744, 438737296,7153103132,4096,0.5150921187653282,2
1709085744, 452239779,7154192716,4096,0.9928330859207498,2
1709085744, 462311356,7154254556,4096,0.9896398422356151,2
1709085744, 464050426,7156363500,4096,0.9934614586407761,2
1709085744, 468101815,7155744791,4096,0.9925641398722739,2
1709085744, 474934642,7156401132,4096,0.9637832136410708,2
1709085744, 485905812,7122239511,4096,0.9890991984744111,2
1709085744, 488148354,7025783468,4096,0.6113677131311458,2
1709085744, 495737999,7054217239,4096,0.9852416024064954,2
1709085744, 500375519,7122059532,4096,0.9945510552743412,2
1709085744, 504161753,7052734492,4096,0.8781675389150821,2
1709085744, 557253843,19533062120,4096,0.470332982385401,2
1709085744, 619980595,7112998928,4096,0.9337832481924143,2
1709085744, 726552307,7187230720,4096,0.6538540975642727,2
1709085744, 726878651,7186165776,4096,0.91075171808988,2
1709085745, 525640055,7113134096,4096,0.9754001827856743,2
1709085746,  48025663,7182180375,4096,0.9700602162300358,2
1709085746,  49670153,7208016320,4096,0.9930223416667037,2
1709085746, 378330878,7249002684,4096,0.9936121933897952,2
1709085746, 386164207,7180103964,4096,0.9880924334182999,2
1709085746, 399009708,7179878588,4096,0.9922300455773124,2
1709085746, 431644108,7179878652,4096,0.9743678259094136,2
1709085746, 445322645,7212401196,4096,0.7746090223410995,2
1709085746, 461395087,7249068444,4096,0.8807518665728212,2
1709085746, 484170463,7218028732,4096,0.9932753427755667,2
1709085746, 993348689,7161511959,4096,0.6891510203106923,2
1709085747,   4011876,7166263296,4096,0.6883178964565606,2
1709085747,  54819446,7280113032,4096,0.7497572763293334,2
1709085747,  71951433,7241669936,4096,0.9163526653920241,2
1709085747,  72790910,7241696880,4096,0.7375319666543219,2
1709085747, 181224183,7293165856,4096,0.9905304478998267,2
1709085747, 407728389,7204823063,4096,0.9913446883970117,2
1709085747, 418738205,7295096540,4096,0.9595757912044143,2
1709085747, 424359051,7278821548,4096,0.9916672948910402,2
1709085747, 426218353,7278822300,4096,0.9668735613978976,2
1709085747, 435526671,7316611516,4096,0.9587085633373207,2
1709085747, 443500629,7315075095,4096,0.9873808274928354,2
1709085747, 489882270,7282078012,4096,0.9544522147437756,2
1709085747, 509564893,7319966284,4096,0.9568770834217706,2
1709085747, 514702664,7319966284,4096,0.9136553350707706,2
1709085747, 820635135,7330254856,4096,0.5847400282411802,2
1709085747, 844416380,7333486128,4096,0.37827100463889546,2
1709085748,  52600235,7333483392,4096,0.6943576612415875,2
1709085748,  64723271,7312810000,4096,0.6868122175125295,2
1709085748,  65354489,7240122368,4096,0.8618271392726262,2
1709085748,  92345611,7312850960,4096,0.9345880814773689,2
1709085748, 367439647,7326307228,4096,0.9935781045220454,2
1709085748, 385382126,7324631063,4096,0.9664206531656613,2
1709085748, 408220839,7318204668,4096,0.9721360873109735,2
1709085748, 423081299,7363379212,4096,0.826974082547425,2
1709085748, 428194380,7351910444,4096,0.9547682569617333,2
1709085748, 438506421,7352094743,4096,0.9858636079130141,2
1709085748, 452147385,7366665868,4096,0.992184598266876,2
1709085748, 473483198,7367712988,4096,0.9923729069016152,2
1709085748, 479427167,7367712956,4096,0.9802415268367841,2
1709085749,  69529044,7268401175,4096,0.9929514205268318,2
1709085750, 224661427,7400497168,4096,0.9892802111125171,2
1709085750, 308812019,7400517648,4096,0.9846417129241255,2
1709085750, 360360415,7362838544,4096,0.9491322532985424,2
1709085750, 432477072,7342899223,4096,0.9884386547591161,2
1709085750, 435722262,7362912272,4096,0.972510355544721,2
1709085750, 457678558,7310246012,4096,0.9336441658578689,2
1709085750, 458725220,7309697024,4096,0.967832441313786,2
1709085750, 494807702,7384924172,4096,0.9385991595899387,2
1709085750, 496914983,7385939991,4096,0.9932168449930683,2
1709085750, 499526808,7384929164,4096,0.9934402536875722,2
1709085750, 510171634,7423791484,4096,0.9907752216278201,2
1709085750, 514008323,7422685207,4096,0.9918865597652387,2
1709085750, 517391995,7423816444,4096,0.9127017673009545,2
1709085750, 528969693,7389134871,4096,0.8296218020394822,2
1709085750, 551562574,7426359312,4096,0.9576809062041148,2
1709085750, 617945667,7426416656,4096,0.9327537727632411,2
1709085750, 817433098,7442722816,4096,0.8875679470347757,2
1709085750, 932737733,7379050496,4096,0.5783932013317875,2
1709085750, 957880177,7344713751,4096,0.6788789305398027,2
1709085751, 438112660,7419933132,4096,0.8199159999230945,2
1709085751, 493828384,7420791344,4096,0.8832060389592538,2
1709085751, 559775636,7424544796,4096,0.9672249262227044,2
1709085751, 562579618,7424544796,4096,0.9382053681238343,2
1709085752,  62817736,7373861216,4096,0.9901057507138119,2
1709085752, 122946729,7373897744,4096,0.9871973841738276,2
1709085752, 129298629,7443120144,4096,0.9453391497469622,2
1709085752, 432395986,7455734380,4096,0.7158300662966274,2
1709085752, 524291880,7477870608,4096,0.9818474529349663,2
1709085753, 558100403,7499067415,4096,0.3132325754707606,2
1709085753, 558774561,7451111996,4096,0.5862961101565066,2
1709085753, 562018678,7451111996,4096,0.6330449192623864,2
1709085753, 921172058,7452860432,4096,0.967907064150748,2
1709085753, 953850472,19528679448,4096,0.26881714302607235,2
1709085753, 954724301,19520290792,4096,0.27678414723658046,2
1709085753, 956533148,19516096536,4096,0.26770240898036957,2
1709085753, 957872876,19507707880,4096,0.27678414723658046,2
1709085753, 959969422,19509805016,4096,0.2767064343357298,2
1709085753, 960811046,19522387928,4096,0.2767064343357298,2
1709085753, 961809401,19511902200,4096,0.2767064343357298,2
1709085753, 963075057,19524485112,4096,0.2767064343357298,2
1709085753, 964318170,19513999336,4096,0.27678414723658046,2
1709085753, 965178044,19516096472,4096,0.2783774860239075,2
1709085753, 965987463,19526582248,4096,0.27678414723658046,2
1709085753, 968167741,19528679384,4096,0.2783774860239075,2
1709085754,  25015045,19528680984,4096,0.6349571752853225,2
1709085754,  26089619,19528696344,4096,0.5472927811344479,2
1709085754,  33093133,19528692456,4096,0.6803012807045943,2
1709085754,  34334099,19517154792,4096,0.47252380101371494,2
1709085754,  56020946,7486447632,4096,0.9843119927211523,2
1709085754,  62077633,7486447632,4096,0.9420536457291984,2
1709085754, 359270740,7486451728,4096,0.9459832008410256,2
1709085754, 370839850,7486464016,4096,0.988909287932839,2
1709085754, 668944359,7452917776,4096,0.9415197157204303,2
1709085754, 670013565,7451111996,4096,0.6330449192623864,2
1709085755,  52097017,7486578704,4096,0.9445459291010531,2
1709085755, 681573800,7534748028,4096,0.07454703252128929,2
1709085755, 682066536,7529775276,4096,0.7693422353352496,2
1709085756,  31698083,7537655824,4096,0.9759616137591212,2
1709085756,  47521362,7540299216,4096,0.5530677399799658,2
1709085756, 245101295,7561551872,4096,0.9196281249176697,2
1709085756, 311820394,7616045056,4096,0.9188978445263557,2
1709085756, 312093063,7613915200,4096,0.9655211744681143,2
1709085756, 313703313,7563681800,4096,0.9458671962266153,2
1709085756, 316228185,7593607176,4096,0.555670711844065,2
1709085756, 485449357,7599788055,4096,0.9939507618157246,2
1709085756, 486777277,7597236240,4096,0.983998058369944,2
1709085756, 514996371,7600975895,4096,0.9922683383336257,2
1709085756, 516576563,7597236240,4096,0.97645747391737,2
1709085756, 549520131,7603187836,4096,0.9840832002543539,2
1709085756, 561946967,7597244432,4096,0.987726246669078,2
1709085756, 573666367,7599818508,4096,0.9941478173869457,2
1709085756, 636016320,7607697676,4096,0.9915736296244411,2
1709085756, 658248505,7595163664,4096,0.9912948368311272,2
1709085756, 659574278,7595163664,4096,0.9879583827874702,2
1709085756, 660787333,7595163664,4096,0.9855801317623555,2
1709085756, 661700881,7595163664,4096,0.9836045519908938,2
1709085756, 662855967,7595163664,4096,0.9753979805047487,2
1709085756, 696157011,7595171856,4096,0.9789127606235632,2
1709085756, 882621814,7631118344,4096,0.9616992803019719,2
1709085756, 915829463,7633264656,4096,0.9409836218125426,2
1709085756, 949394587,7640829952,4096,0.9426177255019373,2
1709085756, 983000505,7645995016,4096,0.9585480702299476,2
1709085757,   5612709,19526598632,4096,0.39509283055950045,2
1709085757,  50190870,7690055704,4096,0.9500015409765541,2
1709085757, 179000246,7667097616,4096,0.9444989835158494,2
1709085757, 261650085,7650418688,4096,0.9455315256820765,2
1709085757, 261985017,7676555288,4096,0.5638526336370401,2
1709085757, 262258759,7675494400,4096,0.9372484328823203,2
1709085757, 278600650,8613044224,4096,0.9506085501143071,2
1709085757, 278813203,8612470792,4096,0.9536858528424728,2
1709085757, 495867388,7668396048,4096,0.957035813427107,2
1709085757, 539538442,8593411724,4096,0.9353738535426139,2
1709085757, 892996905,7667240976,4096,0.40481022816104245,2
1709085757, 893665695,7667240976,4096,0.4269426744710206,2
1709085758, 133280668,7663063056,4096,0.991389812153976,2
1709085759, 505622783,7706497040,4096,0.9674128432410258,2
1709085760, 158374231,7706501136,4096,0.9807652676660571,2
1709085760, 308424841,7704412176,4096,0.9852855105676691,2
1709085760, 310685632,7704412176,4096,0.9833580584522107,2
1709085760, 312260456,7704412176,4096,0.9755511215869801,2
1709085760, 315638761,7704412176,4096,0.9731559060884021,2
1709085760, 514103147,8629313824,4096,0.3732266329448593,2
1709085760, 612156637,8629317648,4096,0.5365081107339463,2
1709085760, 880531637,7740169424,4096,0.9282721006897998,2
1709085760, 883922823,7742902288,4096,0.56347774053248,2
1709085761,   6074353,7742902288,4096,0.6725923679578931,2
1709085761,   7050053,7745339836,4096,0.37638029313138466,2
1709085761,  11452588,7742906384,4096,0.6146293313949241,2
1709085761,  29015048,7742910480,4096,0.6056090881588755,2
1709085761,  32002598,7742910480,4096,0.6077021618629268,2
1709085761, 243137505,8636674352,4096,0.9919636711075775,2
1709085761, 323710121,8648565328,4096,0.8207604830347768,2
1709085761, 324026803,8660541456,4096,0.9461484337887006,2
1709085761, 330311072,8660549648,4096,0.913132193370888,2
1709085761, 741522762,8671297052,4096,0.992276240724147,2
1709085762, 312287794,7793545239,4096,0.9722842810612564,2
1709085762, 312878219,8671586096,4096,0.9740265263347173,2
1709085762, 720851159,7789776912,4096,0.6468107482358733,2
1709085763,  25144507,8721727504,4096,0.9928781220329936,2
1709085763,  26450957,8721727504,4096,0.9869495481388361,2
1709085763,  30046108,8721731600,4096,0.9689977950910056,2
1709085763,  36969110,7788507152,4096,0.9706756801594946,2
1709085763,  38231546,7788507152,4096,0.9594698629771021,2
1709085763,  43521754,7804158124,4096,0.9936998427931396,2
1709085763,  48207581,7804158444,4096,0.9564219101331289,2
1709085763, 192209018,7806017559,4096,0.16141112232747473,2
1709085763, 283223569,7805854480,4096,0.9924030510562502,2
1709085763, 442806858,8708374544,4096,0.9595877949862149,2
1709085764,  56349792,8727924759,4096,0.9911837785733191,2
1709085764,  89889153,7838871596,4096,0.9813218515024464,2
1709085764,  95421972,7838876620,4096,0.952147034197865,2
1709085764, 107479524,8732368972,4096,0.9914957752483742,2
1709085764, 112628030,8732373004,4096,0.9453571572585571,2
1709085764, 116754564,8732180503,4096,0.8216202401615084,2
1709085764, 263745698,8733446204,4096,0.15695927490489986,2
1709085764, 676184398,7820976151,4096,0.7230694429468376,2
1709085765, 490304366,7832571920,4096,0.939640885271752,2
1709085765, 494748656,8759619600,4096,0.6156935393208735,2
1709085765, 503119809,8759619600,4096,0.6169977084453792,2
1709085765, 504456317,8759619600,4096,0.6314070219393091,2
1709085765, 507195889,8759623696,4096,0.604421855019045,2
1709085765, 511395421,8759627792,4096,0.6224604723211776,2
1709085765, 943935408,8757571600,4096,0.6497314067546478,2
1709085766, 180456554,7736426160,4096,0.9299836159907146,2
1709085766, 194673988,8739758524,4096,0.952854728578701,2
1709085766, 200595414,8764856208,4096,0.9236218781340235,2
1709085766, 217730621,8742297804,4096,0.9930257440064685,2
1709085766, 282765398,8744063100,4096,0.10780560116780166,2
1709085766, 325309277,8746201324,4096,0.9917749116237252,2
1709085766, 325829924,8747208727,4096,0.9869344286046686,2
1709085766, 371475144,8741359632,4096,0.7979374999384437,2
1709085766, 388315139,7465238668,4096,0.9935805347339772,2
1709085766, 397665324,8747671580,4096,0.9437413731102551,2
1709085766, 407887191,8747630615,4096,0.9927821140751031,2
1709085766, 412841393,8750891260,4096,0.9917154026429043,2
1709085766, 415720520,8750891884,4096,0.7677124794211725,2
1709085766, 454258097,7861805836,4096,0.9634157263544717,2
1709085766, 766302003,19524493288,4096,0.29024663609724505,2
1709085766, 826571514,19514006552,4096,0.6304382479088319,2
1709085766, 845883779,8768118800,4096,0.7793716650242052,2
1709085766, 917485155,19514239208,4096,0.6221030810795861,2
1709085766, 919145860,7847497744,4096,0.7612717514336823,2
1709085767, 374951924,8800202775,4096,0.988522564318886,2
1709085767, 375656140,7869288524,4096,0.9279707054462079,2
1709085767, 482425377,7876481580,4096,0.1546724387029932,2
1709085767, 601612861,7876493335,4096,0.876257804180728,2
1709085767, 774851071,7877375280,4096,0.9931842566321452,2
1709085767, 823658822,7877374672,4096,0.9659554545334137,2
1709085768, 206928491,8785510416,4096,0.9499001917161366,2
1709085768, 312647845,7899570199,4096,0.9930155712800387,2
1709085768, 330372403,7897387024,4096,0.9655397224627116,2
1709085768, 332362672,7897387024,4096,0.9618221083835218,2
1709085768, 399870793,7883190636,4096,0.015521666536858676,2
1709085768, 436507201,8795508972,4096,0.9939747863437991,2
1709085768, 598044261,7883542764,4096,0.12173456796560213,2
1709085768, 617414495,7883960343,4096,0.9934662679026092,2
1709085768, 676339983,7886007840,4096,0.9926793134981517,2
1709085768, 741676414,7891462312,4096,0.9195612675197299,2
1709085769, 313738234,7888097568,4096,0.9592167906444596,2
1709085769, 510691132,8830480396,4096,0.7734355616929908,2
1709085769, 980499819,7913320464,4096,0.9353745564989923,2
1709085770,  79908178,7912169488,4096,0.9861493551981625,2
1709085770, 530787839,8818382652,4096,0.9701373538666843,2
1709085770, 614548750,8822362135,4096,0.7433082468495874,2
1709085770, 616568004,8822362135,4096,0.9936262609291203,2
1709085771, 771492017,8832913431,4096,0.18639478318626887,2
1709085772,  22503266,8834058744,4096,0.9855136927658257,2
1709085774, 796536986,8842645527,4096,0.45660103321197587,2
1709085775, 157241685,8846192656,4096,0.6849895936499716,2
1709085776, 133450492,7970385943,4096,0.12877360812457603,2
1709085776, 289582479,7971569687,4096,0.41862358984781584,2
1709085776, 304860531,8867905708,4096,0.9927015495660618,2
1709085776, 340543671,8867905708,4096,0.9900237043188328,2
1709085776, 355778783,8867906268,4096,0.8985511349130041,2
1709085776, 360628856,7971410012,4096,0.9345326407981298,2
1709085776, 389002534,8868904983,4096,0.8270776251981957,2
1709085776, 517534836,7981003356,4096,0.4262029094866753,2
1709085776, 775778143,8858380472,4096,0.9334695343092351,2
1709085777, 276634709,7953769244,4096,0.1558099881380025,2
1709085777, 442320846,7955636652,4096,0.08662403053539137,2
1709085780,  72523927,7959217068,4096,0.7466076820026539,2
1709085780,  76501244,7966519500,4096,0.4038616958591715,2
1709085780,  77013304,7965413376,4096,0.7098313943416026,2
1709085781, 445333014,8886636567,4096,0.989549238728652,2
1709085781, 470457208,8887586908,4096,0.453761177419726,2
1709085781, 598813456,8887800732,4096,0.725694393349079,2
1709085781, 602460136,8889077783,4096,0.7763851373930364,2
1709085782, 548759085,8015746284,4096,0.9923539737624784,2
1709085782, 552111626,8909468460,4096,0.5073796049139404,2
1709085782, 560123156,8790290472,4096,0.9067793487378597,2
1709085782, 560800535,8622759936,4096,0.5479097751544355,2
1709085782, 561195583,8640552960,4096,0.8996821499589569,2
1709085782, 616942438,7986765847,4096,0.9913363873702272,2
1709085782, 850870970,7992016919,4096,0.15052299186036336,2
1709085782, 901557346,7995228220,4096,0.9376892635353719,2
1709085782, 914525226,7994432528,4096,0.9937354301892259,2
1709085782, 933540131,7997558972,4096,0.9913851378479961,2
1709085783, 775231873,8013488204,4096,0.9921980668673541,2
1709085783, 818818120,8014258380,4096,0.9936400979046452,2
1709085783, 840910750,8013488300,4096,0.9556076630582954,2
1709085784, 593563182,8913723415,4096,0.982979625379374,2
1709085785, 883705255,19511904136,4096,0.49160557546099815,2
1709085785, 884791637,8947339287,4096,0.9930366913438157,2
1709085785, 885296182,8941510680,4096,0.9484245183744243,2
1709085786,  14005723,8051286064,4096,0.8820546392768247,2
1709085786,  15050238,8944766976,4096,0.9211037151428747,2
1709085786,  28339095,8022499351,4096,0.9923486521863655,2
1709085786, 300506770,8026980508,4096,0.9927255835419555,2
1709085786, 360078506,8028360720,4096,0.8952368169602007,2
1709085786, 374889585,8028373008,4096,0.9697546455234345,2
1709085786, 532915226,8028426256,4096,0.9206281330678485,2
1709085786, 738455051,8026981276,4096,0.9875038957387032,2
1709085786, 746404318,8058892311,4096,0.9933365510358528,2
1709085786, 747272780,8055312700,4096,0.9847889648579948,2
1709085786, 785217784,8028540944,4096,0.9854123337174688,2
1709085786, 795398858,8059568444,4096,0.6837497949737708,2
1709085786, 795983916,19522470168,4096,0.564414970057827,2
1709085786, 820605712,8028577808,4096,0.9381248048418873,2
1709085786, 938103507,8062218668,4096,0.0941231055504289,2
1709085786, 990666361,8031342592,4096,0.7545653578621797,2
1709085786, 998608114,8087251760,4096,0.6673889505645538,2
1709085787,   9558888,8054964247,4096,0.991620010793913,2
1709085787,  22758644,8074172304,4096,0.9765454203974889,2
1709085787,  30658642,8070897687,4096,0.9919700128136145,2
1709085787,  31664511,8065069996,4096,0.8054890688748191,2
1709085787,  61921109,8070398508,4096,0.9876671109081898,2
1709085787, 158793749,8967492444,4096,0.7738658297010427,2
1709085787, 317052339,8966290320,4096,0.9936701053990433,2
1709085787, 800369950,8976527360,4096,0.7053861798438371,2
1709085787, 815110179,8974904432,4096,0.6865310626758709,2
1709085787, 885312785,8964460560,4096,0.9582769872588413,2
1709085787, 904671210,8964493328,4096,0.9502796633346527,2
1709085787, 963581670,8101716248,4096,0.7900270382983398,2
1709085788, 251116609,9001933648,4096,0.8023654835567158,2
1709085788, 446369083,9005936780,4096,0.1700340192038769,2
1709085788, 717682253,8083398296,4096,0.8429645660046341,2
1709085789, 897571582,8984309772,4096,0.4887090991137955,2
1709085789, 901525282,8984309868,4096,0.7353077899460589,2
1709085789, 911782575,8984309868,4096,0.7539044865084396,2
1709085789, 915843625,8984965628,4096,0.631662526017543,2
1709085790, 536542510,8998450092,4096,0.9942720146303585,2
1709085790, 548446552,8999507068,4096,0.4992718810899329,2
1709085790, 576052678,8147096572,4096,0.96930155520596,2
1709085790, 586174709,8148197692,4096,0.9915150812916326,2
1709085790, 768309013,8999555212,4096,0.9336751275221349,2
1709085790, 839041928,9010484300,4096,0.8772082037143425,2
1709085790, 895320166,9011671324,4096,0.7328489670338326,2
1709085790, 919990269,8159055895,4096,0.9927967699504084,2
1709085791, 610916451,8130809879,4096,0.4218318682453892,2
1709085791, 713146929,8131208632,4096,0.43190637777892554,2
1709085792,   1153135,8137125911,4096,0.9940736952857077,2
1709085792,   2312515,8142677004,4096,0.9924635916580312,2
1709085792,   4102040,8988885564,4096,0.9868161070306418,2
1709085792,  43347053,8136557004,4096,0.9891201562017151,2
1709085792,  46095213,8136556556,4096,0.9746555363051088,2
1709085792,  56826881,8140263447,4096,0.9856643718716656,2
1709085792,  70396994,8142651932,4096,0.9547749225874008,2
1709085792,  71783956,8988885276,4096,0.9899509530382689,2
1709085792, 109467138,9040400508,4096,0.9913371516396283,2
1709085792, 114396650,9040400508,4096,0.98533703267446,2
1709085792, 133339631,9042714812,4096,0.9930970835667661,2
1709085792, 268526560,8137023852,4096,0.9934736260031075,2
1709085792, 293298646,9050468476,4096,0.9798386800893586,2
1709085792, 709128532,9031088736,4096,0.8191374195837542,2
1709085792, 944557817,9026539820,4096,0.9928742766925489,2
1709085792, 966270428,8181321980,4096,0.9922984639855715,2
1709085793,   4961627,8185072256,4096,0.7854950355802118,2
1709085793,   7782785,8186662960,4096,0.9617397180077877,2
1709085793,  35674462,9046552892,4096,0.9782456894408145,2
1709085794, 604177232,8174334956,4096,0.7892365861393443,2
1709085795,  84686678,8174334428,4096,0.8115533759624296,2
1709085795, 140752363,9076971456,4096,0.8349484335716862,2
1709085795, 147513266,9080120076,4096,0.9898347891052223,2
1709085795, 150779926,9079051020,4096,0.8771823892335564,2
1709085795, 401675126,9085472791,4096,0.9939527575474468,2
1709085795, 460569483,9085472791,4096,0.9939527575474468,2
1709085796, 227885924,9066457088,4096,0.8072077722677703,2
1709085796, 995793753,9088143376,4096,0.9742138074029976,2
1709085797,  36359171,9089273856,4096,0.7355564024069371,2
1709085797,  46199945,8208978028,4096,0.9825429182948091,2
1709085797, 219531661,8201259008,4096,0.971435137298937,2
1709085797, 998316191,19520297960,4096,0.6695371464552275,2
1709085798, 113152892,9108681000,4096,0.9920306781092671,2
1709085798, 113434149,9146859520,4096,0.860912658276693,2
1709085798, 144728821,9105342480,4096,0.9275680403431051,2
1709085798, 246324861,9129021463,4096,0.9926619004714563,2
1709085798, 249865264,9105416208,4096,0.9215727400273191,2
1709085798, 250789547,9133223959,4096,0.9932067298578218,2
1709085798, 254811952,9134104860,4096,0.993445085197848,2
1709085798, 264986585,9136309180,4096,0.9929081775425174,2
1709085798, 270050284,9105428496,4096,0.9366257190436196,2
1709085798, 282874315,9137427404,4096,0.987408953813936,2
1709085798, 295901238,9140633868,4096,0.9743748945406097,2
1709085798, 700201734,9105457168,4096,0.9653191455165153,2
1709085798, 705785008,9161699376,4096,0.969491163006316,2
1709085800, 780035209,9159606348,4096,0.6862215510114857,2
1709085800, 860582061,9196937239,4096,0.9908924976609714,2
1709085800, 871464131,9162575996,4096,0.4535900112159596,2
1709085801, 463304115,9217433616,4096,0.6158300598185362,2
1709085801, 467881519,9217807152,4096,0.6961056201508559,2
1709085801, 808836928,9220845568,4096,0.41895591715165215,2
1709085801, 916287837,9188107984,4096,0.993274485723877,2
1709085801, 970396531,9190944791,4096,0.8863617683769279,2
1709085802,  70792398,9228710124,4096,0.037134004123574996,2
1709085802,  88923924,9228726812,4096,0.4431095358046993,2
1709085802, 497194224,9201602748,4096,0.9920426289891241,2
1709085802, 533023360,9201603308,4096,0.9897908041110414,2
1709085802, 554063960,9200922864,4096,0.713031712818546,2
1709085802, 663100428,9167093783,4096,0.9893649639539307,2
1709085803, 269435883,9224933399,4096,0.9929904916549512,2
1709085803, 353123796,9225949404,4096,0.5744243795306873,2
1709085803, 361295278,9225949404,4096,0.9923980870068382,2
1709085803, 362704784,9227300887,4096,0.9952058382220575,2
1709085803, 373173556,9227035628,4096,0.9806060346978887,2
1709085803, 383571477,9264824588,4096,0.9789896218212927,2
1709085803, 389880436,9265102871,4096,0.9933553157757331,2
1709085803, 399446395,9268255852,4096,0.706718275692976,2
1709085804,   2530218,9216380944,4096,0.975592701057128,2
1709085804, 245316199,9246363671,4096,0.31260531900735317,2
1709085804, 396319003,9249517591,4096,0.17167310936874172,2
1709085805,   8619897,9261809996,4096,0.9913909527488641,2
1709085805,  61358694,9261809996,4096,0.9928470888297227,2
1709085805, 176117029,9265565704,4096,0.7863751680398886,2
1709085805, 391069301,9276400236,4096,0.15342209929075298,2
1709085805, 952365952,9287066060,4096,0.9930775441032638,2
1709085805, 958642707,9287066060,4096,0.9930775441032638,2
1709085805, 961753710,9287066380,4096,0.9885125204075963,2
1709085806,   3558058,9309147228,4096,0.9408381784844866,2
1709085806,   8431748,9274933271,4096,0.941863351795815,2
1709085806,  56799253,9308442647,4096,0.2322377893302732,2
1709085806,  71541628,9309147228,4096,0.9606054383127977,2
1709085806,  93809350,9287786512,4096,0.7585221080943123,2
1709085806, 116943275,19507775768,4096,0.6511504808884564,2
1709085806, 497783503,19520337128,4096,0.6890602487511538,2
1709085806, 500798964,9330262032,4096,0.9368352623587831,2
1709085806, 539246367,9340354848,4096,0.9912892392151423,2
1709085806, 539564123,8265666560,4096,0.903873376570211,2
1709085806, 543542514,9330266128,4096,0.9579608605985326,2
1709085806, 547136592,9330270224,4096,0.9831349415121338,2
1709085806, 560511328,9309802519,4096,0.9845931739044566,2
1709085806, 573985900,9310445644,4096,0.9239517112520329,2
1709085806, 726868403,8242434748,4096,0.05269255135421118,2
1709085806, 745300398,8243102268,4096,0.9888113814561741,2
1709085806, 768366692,8243105916,4096,0.8808201863819518,2
1709085806, 827730169,8244744192,4096,0.7736268404928147,2
1709085806, 865785744,8250073088,4096,0.7607001616849429,2
1709085806, 962180676,9331478544,4096,0.9660164168548389,2
1709085807, 305993853,8261488663,4096,0.7417492641756457,2
1709085807, 461086692,9325547724,4096,0.9880159291868382,2
1709085807, 470179237,9325551868,4096,0.9776080899710694,2
1709085807, 472179168,9325548028,4096,0.9181901147014798,2
1709085807, 969822636,9344311312,4096,0.9451285978501514,2
1709085808, 140340708,9353310624,4096,0.5336678758306762,2
1709085808, 154145918,9325548028,4096,0.8903915741752441,2
1709085808, 177641613,9359241740,4096,0.929474880099371,2
1709085808, 209612590,8293962588,4096,0.5574828335798526,2
1709085809, 544027950,8286478336,4096,0.9300675699007825,2
1709085809, 929474566,8283418647,4096,0.9541427195692743,2
1709085809, 929779440,9406246928,4096,0.5560467315107341,2
1709085809, 932305385,8305442839,4096,0.9908593063394535,2
1709085809, 934650983,8280502476,4096,0.991426963900435,2
1709085809, 943153103,9378111580,4096,0.977981262647387,2
1709085809, 945331234,8279470108,4096,0.9329909194668765,2
1709085809, 948894181,9378111548,4096,0.9789619628108269,2
1709085809, 954168286,8275038231,4096,0.9904165846957386,2
1709085810,   8684910,8289668240,4096,0.8355339263170273,2
1709085810, 224260998,9391849712,4096,0.9619935306267203,2
1709085810, 492036985,9404022800,4096,0.8104173173252488,2
1709085810, 496456584,9403692700,4096,0.9928231420498888,2
1709085810, 984950612,9404035088,4096,0.8112432146424678,2
1709085811,  35732530,8318103575,4096,0.5756027768875956,2
1709085811,  48346155,8317272092,4096,0.9098704029934259,2
1709085811, 109680689,8319259084,4096,0.017576542866450547,2
1709085811, 132122206,9380622796,4096,0.6670924658007948,2
1709085811, 142752003,8319472524,4096,0.5484729725444651,2
1709085811, 439404067,9378574700,4096,0.9590943318839276,2
1709085811, 705062038,8322732300,4096,0.9787359704911505,2
1709085811, 717365422,8327930316,4096,0.7814737972897882,2
1709085812,  63416846,9436528656,4096,0.9530963319750904,2
1709085812,  70169161,9419546920,4096,0.9912051603006691,2
1709085812, 418750714,9435041808,4096,0.953170605907983,2
1709085812, 441414446,9435050000,4096,0.9555925507593991,2
1709085812, 452656138,8367214608,4096,0.5904947823137796,2
1709085812, 454662509,8367214608,4096,0.590460831142777,2
1709085812, 647011166,9437511964,4096,0.9882219765647621,2
1709085812, 650648184,9437512716,4096,0.941247162816455,2
1709085812, 789423823,9439908076,4096,0.6093730343757838,2
1709085812, 850651969,9439929212,4096,0.9576430267924909,2
1709085812, 940092768,8311800156,4096,0.9838360923183038,2
1709085813,   3988562,8373645516,4096,0.9394283603808955,2
1709085813,   9972251,8373662716,4096,0.973551356313346,2
1709085813, 348370694,9445609488,4096,0.8422607825021078,2
1709085813, 518487165,9415119852,4096,0.9934332566000273,2
1709085814,  25957564,9416290604,4096,0.7032287762483094,2
1709085814,  28099197,9416290892,4096,0.706052131060433,2
1709085814, 341525771,8377966592,4096,0.9066604915534078,2
1709085814, 358429102,9467854864,4096,0.7963759918705099,2
1709085814, 368690689,8370065424,4096,0.9200899848796552,2
1709085814, 380733212,8370085904,4096,0.9443195249145475,2
1709085814, 390645911,8377974792,4096,0.7368264816772061,2
1709085814, 681656732,9464235440,4096,0.7675343587941773,2
1709085814, 682060368,9462133252,4096,0.981839392545494,2
1709085814, 713466684,9454282140,4096,0.9914101096339911,2
1709085814, 714048521,9471094300,4096,0.9937482094999194,2
1709085814, 717938885,8364850988,4096,0.9939164454175309,2
1709085814, 718707511,8368005724,4096,0.9929868326884542,2
1709085814, 732139143,8370188304,4096,0.9839966850210913,2
1709085814, 737527039,8370188304,4096,0.9717195114571275,2
1709085814, 914085584,9467002896,4096,0.9908752797633168,2
1709085815, 135750564,9468908780,4096,0.993083601511847,2
1709085815, 139389729,9469378588,4096,0.9887587111430048,2
1709085815, 557719797,9451020304,4096,0.9499001779208447,2
1709085815, 809826978,9452154896,4096,0.92751971129445,2
1709085815, 811644413,9452158992,4096,0.9782107151704045,2
1709085816,  24989656,8380743696,4096,0.990765413532121,2
1709085816, 436451583,9542321984,4096,0.7986468353653733,2
1709085816, 456899611,8430579440,4096,0.9883953938122749,2
1709085816, 543244436,9543643152,4096,0.9872004599989871,2
1709085816, 562434322,8439509008,4096,0.9673645943482561,2
1709085816, 673471795,8439525392,4096,0.9792075441853709,2
1709085816, 681393151,8419594444,4096,0.8626458393252384,2
1709085816, 691016005,8416527292,4096,0.9620842708340992,2
1709085816, 711780716,9517650332,4096,0.9747064585200969,2
1709085816, 719998358,9517650188,4096,0.9634987650263237,2
1709085816, 865681970,9531363452,4096,0.9304810636229524,2
1709085816, 913444132,9535676716,4096,0.9423914366020851,2
1709085816, 915435474,9535680572,4096,0.9475154250396638,2
1709085816, 925240823,9535328448,4096,0.6889238861079862,2
1709085816, 939730926,9536733404,4096,0.9916832192545667,2
1709085816, 959690512,8468300140,4096,0.9916603562437921,2
1709085816, 981300067,8468303900,4096,0.9339989528396966,2
1709085817, 255818819,9551856972,4096,0.9786032248323122,2
1709085817, 257808014,8416535004,4096,0.9893954154508786,2
1709085817, 258144020,9547771920,4096,0.9520691505351498,2
1709085817, 361303076,9524414188,4096,0.8247722648173749,2
1709085817, 476426289,8464941568,4096,0.8149914139578629,2
1709085817, 506981320,8470450176,4096,0.6954375055429337,2
1709085817, 511242041,9577811968,4096,0.7459602944179019,2
1709085817, 587800841,8478052368,4096,0.9003678782400544,2
1709085817, 588096053,8475938824,4096,0.8955528613671165,2
1709085817, 588400927,8463314952,4096,0.7348333003052753,2
1709085817, 593845719,9585414144,4096,0.7333029230037139,2
1709085817, 594347044,9540280320,4096,0.7212994971059146,2
1709085817, 594530612,8475963392,4096,0.8040578008504503,2
1709085817, 597227244,8421507072,4096,0.9029589948637253,2
1709085817, 818777248,8483557376,4096,0.7447747258924882,2
1709085817, 819052064,8481435672,4096,0.894367273257479,2
1709085817, 819963465,8481497088,4096,0.7285368280508061,2
1709085817, 821068097,8483618816,4096,0.5814755218608008,2
1709085817, 846093529,9573834768,4096,0.93749146906429,2
1709085818,  53910358,9561767936,4096,0.6644819440999079,2
1709085818, 755101235,9566646364,4096,0.41990789346136065,2
1709085818, 758011494,9505468732,4096,0.9940579168024286,2
1709085818, 791761260,9505452812,4096,0.5681805643382627,2
1709085818, 883743034,9571626736,4096,0.6612405184523765,2
1709085819,   4821064,9558269975,4096,0.9770595772459731,2
1709085819,  17925278,8492761340,4096,0.6022001382412463,2
1709085819,  21550488,8492761340,4096,0.9939604311802615,2
1709085819,  29778865,8494284823,4096,0.989319710558722,2
1709085819,  34780302,8495105440,4096,0.9908935896215433,2
1709085819,  39788179,8496185367,4096,0.6833415833864357,2
1709085819,  40381825,8496956412,4096,0.9877071551628784,2
1709085819,  48189390,8498143548,4096,0.9939509672736437,2
1709085819,  50799069,8499335191,4096,0.6870417940198639,2
1709085819,  52164561,8498144300,4096,0.9925525780368447,2
1709085819,  58035532,8495103632,4096,0.970607709914458,2
1709085819,  63101379,8501252236,4096,0.7785719188068375,2
1709085819,  91837900,9609568279,4096,0.9838273908983194,2
1709085819, 758583383,9605644311,4096,0.9917410158744069,2
1709085819, 782432259,9608757260,4096,0.924255071157762,2
1709085820, 519421252,8552030220,4096,0.9488520814176377,2
1709085820, 554330398,8520728828,4096,0.9930382220863364,2
1709085820, 733187307,9624583072,4096,0.7821879653994361,2
1709085820, 735458833,8550821904,4096,0.9820625645056352,2
1709085820, 894618090,9593815324,4096,0.4571663499278284,2
1709085821,  79017590,9595515532,4096,0.9903773856509502,2
1709085821, 465913431,8533987344,4096,0.8163645090794774,2
1709085821, 751328097,8531054608,4096,0.942772005756766,2
1709085821, 833830866,8523669527,4096,0.9928520749041606,2
1709085821, 880144876,8526913548,4096,0.9410474852591197,2
1709085822,  26002506,9635361388,4096,0.7707788300394237,2
1709085822,  29330245,9635361068,4096,0.0774517852088901,2
1709085822,  36281269,9655382572,4096,0.9864235158188099,2
1709085822,  45021706,9655382572,4096,0.9579856023360332,2
1709085822,  62407038,9637601564,4096,0.9936432478100737,2
1709085822,  65202432,9637601532,4096,0.96702311663778,2
1709085822, 198724362,9634328764,4096,0.8182517590227737,2
1709085822, 199977137,9655382044,4096,0.9409449172114744,2
1709085822, 204557761,9638658348,4096,0.9115543683659595,2
1709085822, 215811262,9641027052,4096,0.9660148609905002,2
1709085822, 223871100,9640816748,4096,0.9868640823143131,2
1709085822, 226384163,8523702288,4096,0.9753518260838829,2
1709085822, 232655550,9638715404,4096,0.9145012058880321,2
1709085822, 238516860,9640825868,4096,0.9743219078634161,2
1709085822, 340746265,8552509980,4096,0.9878309691169146,2
1709085822, 352267067,9642983532,4096,0.8964246872189994,2
1709085822, 352674997,8552317292,4096,0.9935897518684551,2
1709085822, 894662604,9647526796,4096,0.9821473141521381,2
1709085823, 492574304,9651744812,4096,0.4129894767621008,2
1709085823, 642697912,8579784727,4096,0.006789393593698068,2
1709085823, 674560465,8579784727,4096,0.9883895981056748,2
1709085824,  59502536,8510835772,4096,0.9940223224494928,2
1709085824, 289983098,8564211728,4096,0.9507645308079139,2
1709085824, 692996468,8570429463,4096,0.989160889359405,2
1709085825, 169175415,9663516688,4096,0.9017272440611984,2
1709085825, 170820017,9663520784,4096,0.9642619996607998,2
1709085825, 209532574,19503536664,4096,0.3977281668424287,2
1709085825, 215253256,19503533592,4096,0.5156588805337236,2
1709085825, 219139326,19503532008,4096,0.6634740471981657,2
1709085825, 231119586,19503530424,4096,0.6896696529975398,2
1709085825, 691674703,9687477392,4096,0.9507696455221021,2
1709085825, 691907652,9663804336,4096,0.9936215907012398,2
1709085825, 713821008,9696108572,4096,0.7185356216944412,2
1709085825, 728145792,9684230167,4096,0.9719436826030537,2
1709085826,   3550070,9698066432,4096,0.5346836926717712,2
1709085826,  44168201,9698078720,4096,0.5377837712245923,2
1709085826, 324288364,9699459095,4096,0.9937794965981603,2
1709085826, 573482066,9668521992,4096,0.6436294056982769,2
1709085826, 577847991,9668587528,4096,0.7072633186573982,2
1709085826, 969041052,9488711756,4096,0.4108063784983738,2
1709085826, 985891782,9673132352,4096,0.7598274436320961,2
1709085827,  46867655,9712398732,4096,0.9591812526047998,2
1709085827,  57303149,9712407724,4096,0.8297481411183996,2
1709085827,  63866639,9714077712,4096,0.9815190102077687,2
1709085827, 101153588,9714090000,4096,0.9196980002273067,2
1709085827, 558719008,9733705751,4096,0.03383425055470879,2
1709085828, 355825074,9728544768,4096,0.5902184721617094,2
1709085828, 776481417,9707856076,4096,0.9906911849032174,2
1709085828, 782053955,9722265884,4096,0.5974397929404107,2
1709085828, 898385930,8510835772,4096,0.9940223224494928,2
1709085829,  72928553,9752244412,4096,0.9925857032326683,2
1709085829, 734487957,9768182640,4096,0.9836105384394916,2
1709085830, 660245484,9746468880,4096,0.9719262531099913,2
1709085830, 714515203,9746477072,4096,0.9816729880058783,2
1709085830, 776891994,9746485264,4096,0.7346336964415497,2
1709085831, 278586963,9789993052,4096,0.8783879453097935,2
1709085831, 542224608,9794433164,4096,0.022444809290244207,2
1709085831, 939696571,9797586944,4096,0.637735204371379,2
1709085832,    301125,9798742016,4096,0.6997378567872543,2
1709085832,  78916750,9798291472,4096,0.9685718392818143,2
1709085832, 302949759,9801621520,4096,0.6407357400700889,2
1709085832, 372901166,9785905504,4096,0.9935461483152368,2
1709085832, 388174924,9820434548,4096,0.8663575949646124,2
1709085832, 389215146,9801654377,4096,0.8397333010161575,2
1709085832, 519385609,9785906416,4096,0.8516771147758845,2
1709085832, 551929835,9819557904,4096,0.6948517732004162,2
1709085832, 589751387,9828512876,4096,0.6647831348811545,2
1709085833, 128701100,9841532951,4096,0.9912878371292372,2
1709085833, 141570218,9839219532,4096,0.9914380337988485,2
1709085833, 181820027,19501427672,4096,0.6668443770163008,2
1709085834,  58328594,9817744028,4096,0.9874640770353796,2
1709085834, 122009688,9855213852,4096,0.4559597879564099,2
1709085834, 123338681,9855214540,4096,0.4719820822658368,2
1709085834, 160051307,9821843479,4096,0.4003992262596764,2
1709085834, 176718468,8300326956,4096,0.9910441542756717,2
1709085834, 184339245,8583503980,4096,0.9930586690363745,2
1709085834, 228141265,9859682524,4096,0.9920809785658521,2
1709085834, 232160449,9859683084,4096,0.9884430456061859,2
1709085834, 239814504,8583503884,4096,0.8978037692351504,2
1709085834, 254435574,9860809004,4096,0.9707035636339294,2
1709085834, 256169277,9861824535,4096,0.993515350258222,2
1709085834, 546704537,9862446768,4096,0.9398526305725144,2
1709085834, 840913315,9873362967,4096,0.915941063941487,2
1709085834, 858816074,9870377180,4096,0.9578667362677952,2
1709085834, 859663066,9876678940,4096,0.7510271389601698,2
1709085834, 873289001,9098604764,4096,0.9934176753701947,2
1709085834, 876659791,9878766092,4096,0.993689072165276,2
1709085834, 889374325,9809630172,4096,0.9594249491023259,2
1709085834, 991002570,9811206217,4096,0.8290466657191291,2
1709085834, 991222638,9874092199,4096,0.8187048288137831,2
1709085834, 991425529,9850167415,4096,0.8627921264641739,2
1709085834, 991573672,9865695243,4096,0.8514246913259713,2
1709085835,   4824956,9808904208,4096,0.9854170956035724,2
1709085835,  13749073,9898422392,4096,0.8096279699201206,2
1709085835,  30592288,9899548864,4096,0.8510748171731902,2
1709085835,  42383612,9901711837,4096,0.8112424337044073,2
1709085835,  42613341,9856614415,4096,0.8185807025027076,2
1709085835,  42884937,9898549454,4096,0.8528539880906062,2
1709085835,  65593756,9904066579,4096,0.8370803119654947,2
1709085835,  65806309,9906155857,4096,0.5977534215353115,2
1709085835,  70782943,9852162048,4096,0.8627201340602996,2
1709085835,  71030922,9857400854,4096,0.8477260045803945,2
1709085835, 167312175,9906204672,4096,0.7060803127116603,2
1709085835, 189839572,9888141316,4096,0.9935649512642243,2
1709085835, 282087574,9887108848,4096,0.923578837263631,2
1709085835, 591103137,9883140119,4096,0.9930807370914014,2
1709085835, 685717133,9866301740,4096,0.9054951640155138,2
1709085835, 687366029,9950261271,4096,0.9937887640924962,2
1709085835, 690877448,9932366124,4096,0.9574428265110243,2
1709085835, 691959536,9866302364,4096,0.9044585827843116,2
1709085836,   4875236,9924116588,4096,0.9921687866178106,2
1709085836,  68594864,9931363564,4096,0.993974525564191,2
1709085836, 153454077,9924706320,4096,0.9416833661805729,2
1709085836, 155210323,9924706320,4096,0.7881840920096239,2
1709085836, 170695560,9961886284,4096,0.9885847859043323,2
1709085836, 182441797,9924730896,4096,0.9313587412293035,2
1709085836, 217315518,9929580567,4096,0.9875025186269695,2
1709085836, 304567451,9961504784,4096,0.9798147561346298,2
1709085836, 501601935,9978638344,4096,0.7287605889454902,2
1709085836, 533270185,9979752449,4096,0.8483825306860677,2
1709085836, 533408667,9977614683,4096,0.8521176985773053,2
1709085836, 534573414,9982210233,4096,0.8701813370322053,2
1709085836, 579443567,9983094810,4096,0.8501946526402588,2
1709085836, 579643238,9982009522,4096,0.8616357803624676,2
1709085836, 651030988,9985314936,4096,0.8365365967268972,2
1709085836, 746006754,9997402154,4096,0.8432731776835467,2
1709085836, 838095878,10002395444,4096,0.9923315722721374,2
1709085836, 838425442,9976082434,4096,0.8622405058649069,2
1709085836, 886002962,10014031877,4096,0.8766111594053883,2
1709085836, 902225694,10015154176,4096,0.881264370481282,2
1709085836, 915983670,19499327464,4096,0.4375345524334003,2
1709085837, 147388515,9954824215,4096,0.9912568041314098,2
1709085837, 539883732,9995374615,4096,0.8813294793824853,2
1709085838, 796647470,9974203436,4096,0.9925752014165521,2
1709085838, 803920432,10006298640,4096,0.9785322894524623,2
1709085839, 176781446,10044371164,4096,0.45285642653978175,2
1709085839, 232130032,10046627868,4096,0.7810570227399608,2
1709085839, 263069376,10049130519,4096,0.4312809909877814,2
1709085839, 766202723,9906213324,4096,0.6872076031883182,2
1709085840,   6082739,10056048656,4096,0.9842007891510322,2
1709085840,   9970956,10056048656,4096,0.9423448352194892,2
1709085840,  24764860,9989992464,4096,0.4171870078513131,2
1709085840, 108185583,10057506829,4096,0.8536979871096718,2
1709085841,   9099099,10108342288,4096,0.9380060031932034,2
1709085841,  22755093,10108346384,4096,0.9648449815612719,2
1709085841,  28076321,10108334096,4096,0.917748663100666,2
1709085841,  42726375,10108334096,4096,0.917748663100666,2
1709085841,  43411268,10071638032,4096,0.9926874917877282,2
1709085841,  44393521,10071638032,4096,0.9809832617911417,2
1709085841,  45014004,10071638032,4096,0.9809832617911417,2
1709085841,  63950544,10108342288,4096,0.9732277868340523,2
1709085841, 712862082,10117149868,4096,0.8729427337014106,2
1709085841, 765019153,10119176460,4096,0.9809985787490476,2
1709085841, 796439425,10119176780,4096,0.9767877713733595,2
1709085843, 175109934,10125742089,4096,0.75819250097858,2
1709085843, 884098715,10061660204,4096,0.7367640456609664,2
1709085844,  46309932,10125246652,4096,0.6556016934210126,2
1709085844, 108048102,10100719756,4096,0.016193541916222794,2
1709085844, 237920132,10100683004,4096,0.8230025324692807,2
1709085844, 515982396,10139762704,4096,0.9660499593380008,2
1709085844, 518026340,10139762704,4096,0.9633724799118265,2
1709085844, 520369791,10139762704,4096,0.9600825842935191,2
1709085844, 522547922,10139762704,4096,0.9534492632136495,2
1709085844, 579350028,10106224663,4096,0.8101432485498039,2
1709085845, 424508101,10193387608,4096,0.8507188053985086,2
1709085845, 424780770,10141958148,4096,0.8716937217488364,2
1709085845, 436506611,10193518681,4096,0.8663764026002625,2
1709085845, 442473124,10193584254,4096,0.852473599751788,2
1709085845, 507109632,10194464791,4096,0.9929825097920264,2
1709085845, 540322649,10095801612,4096,0.9925066644278494,2
1709085845, 560633269,10196746556,4096,0.9910191326044261,2
1709085845, 561094874,10197598268,4096,0.9378760663454815,2
1709085845, 563125936,10197598332,4096,0.9369557577345893,2
1709085845, 583297001,10198732940,4096,0.9711029504315047,2
1709085845, 697800805,19497345048,4096,0.3825102612728243,2
1709085845, 713953759,10097418256,4096,0.9907249154748782,2
1709085845, 766506952,19497462552,4096,0.5853403364456582,2
1709085846, 104937600,10221944924,4096,0.9861608854586431,2
1709085846, 106209697,19497487848,4096,0.41312822545417105,2
1709085846, 109780158,10221961964,4096,0.9873477639575375,2
1709085846, 481557899,10226352150,4096,0.8407719193060252,2
1709085846, 495984665,10226421795,4096,0.8606727875116934,2
1709085847,  92426744,10210402364,4096,0.5235775866521127,2
1709085847, 329723919,10213142864,4096,0.9536694516495611,2
1709085847, 615572279,10231018013,4096,0.8188734348119107,2
1709085847, 630231995,6736281725,4096,0.8589836078320205,2
1709085848, 298743496,10231006476,4096,0.7883837183629941,2
1709085848, 429990680,10267058464,4096,0.844059568307383,2
1709085849,   8259477,10250237332,4096,0.7001519845040489,2
1709085849,  66082370,10248851465,4096,0.8509824137846972,2
1709085849, 110268815,10295615504,4096,0.7567341660670387,2
1709085849, 126581721,10293547024,4096,0.9635073530650426,2
1709085849, 280907007,10248803260,4096,0.8281644432369836,2
1709085849, 297772766,10270368028,4096,0.993545777298715,2
1709085849, 300432899,10270867644,4096,0.9930224944166834,2
1709085849, 314591290,10237317212,4096,0.9376252455512414,2
1709085849, 318823027,10270368028,4096,0.9918835432944022,2
1709085849, 386688624,10270868412,4096,0.9254092037132012,2
1709085849, 423562275,10319782732,4096,0.9937981076170269,2
1709085849, 438365840,10286247959,4096,0.26219939664352104,2
1709085849, 607552661,10238603264,4096,0.9115753435270094,2
1709085849, 735463406,10326118416,4096,0.9863798179752142,2
1709085849, 779647593,10362863632,4096,0.8036804423203964,2
1709085849, 831954954,10325168144,4096,0.9381851634819592,2
1709085849, 838106109,10275848215,4096,0.9927619051226849,2
1709085849, 852162518,10239656244,4096,0.9911863987430187,2
1709085849, 968119841,19495264232,4096,0.37188115799977606,2
1709085849, 976331042,19495252712,4096,0.659486923540328,2
1709085850,  79554620,10350129168,4096,0.986886794906571,2
1709085850, 129863124,10250530832,4096,0.6219066235659247,2
1709085850, 210857625,10352263184,4096,0.9900676433633224,2
1709085850, 214949807,10352263184,4096,0.9325375194554816,2
1709085850, 696897632,10311548951,4096,0.5984440843346271,2
1709085850, 719420736,10386438176,4096,0.8703017924903261,2
1709085850, 720259139,10311562192,4096,0.5797448235658968,2
1709085850, 723247763,10386843276,4096,0.9048726741608574,2
1709085850, 727926076,10385384236,4096,0.9830752058824174,2
1709085850, 745956582,19495231208,4096,0.6133900508705202,2
1709085850, 753946643,10387603484,4096,0.9929424206539456,2
1709085850, 780340787,10341302924,4096,0.8908959784910487,2
1709085850, 808883005,10429927452,4096,0.9833221176307646,2
1709085850, 829605849,10239619088,4096,0.965647115653892,2
1709085850, 913724236,10392989728,4096,0.9459232486151922,2
1709085850, 915825075,10441245388,4096,0.8933147237889573,2
1709085850, 931668862,10441232384,4096,0.8348657443996662,2
1709085851, 449901098,10471378967,4096,0.9929899774751851,2
1709085851, 451555362,10446241808,4096,0.9878294116682041,2
1709085851, 453167759,10446241808,4096,0.9704877430857992,2
1709085851, 460747742,10446245904,4096,0.9782283178448477,2
1709085851, 507549122,10483102140,4096,0.9934761451527976,2
1709085851, 520719893,10412707856,4096,0.7646471072975412,2
1709085851, 527809287,10431815980,4096,0.9935275931131494,2
1709085852, 498040846,10419896336,4096,0.5463632949944887,2
1709085853, 241647966,10417926160,4096,0.9386903820838437,2
1709085853, 252809146,10417926160,4096,0.8951323590494884,2
1709085853, 300385592,10532303136,4096,0.9931564643029399,2
1709085853, 573965994,10454777872,4096,0.986708912674702,2
1709085853, 575969145,10542960663,4096,0.9942417467383127,2
1709085853, 582535744,10543182748,4096,0.8831859759689398,2
1709085853, 595134340,10546245655,4096,0.9907268056114044,2
1709085853, 625048491,10547482636,4096,0.7536915680737974,2
1709085853, 661624783,10547482764,4096,0.7604967024788127,2
1709085853, 677309692,10455891984,4096,0.9803084565182104,2
1709085853, 689885744,10549489687,4096,0.986679334346333,2
1709085853, 690260396,10549650412,4096,0.989621423478591,2
1709085853, 761143601,10486153232,4096,0.8787727235592051,2
1709085853, 822967539,10491699216,4096,0.9687026111925254,2
1709085853, 846957044,10569154568,4096,0.942384187930034,2
1709085853, 865027269,10534105096,4096,0.9377699362510136,2
1709085853, 994025470,10538553344,4096,0.715095424979556,2
1709085853, 994300286,10573135875,4096,0.7924901839535134,2
1709085853, 996373215,10538685584,4096,0.8417133328675869,2
1709085854,  40050821,10584060531,4096,0.8489189507988282,2
1709085854,  41001942,10588356838,4096,0.8394547917659935,2
1709085854,  41272464,10589368388,4096,0.8173585073715876,2
1709085854,  88008360,10522963984,4096,0.9825914463966212,2
1709085854, 108434918,10564370433,4096,0.8646781051937027,2
1709085854, 108589502,10526576786,4096,0.8603455795867657,2
1709085854, 121775302,10556538896,4096,0.9921591327349715,2
1709085854, 141715565,10566533397,4096,0.8793970231296631,2
1709085854, 231490223,10570793628,4096,0.8687539176913994,2
1709085854, 231766112,10566557801,4096,0.8728372210069825,2
1709085854, 523294360,10556551184,4096,0.9897816583319424,2
1709085854, 524966873,10556551184,4096,0.988976211070705,2
1709085854, 526432201,10556551184,4096,0.9873778480320943,2
1709085854, 576957552,10556551184,4096,0.9515968143376089,2
1709085854, 779705203,10582356055,4096,0.8554005532836075,2
1709085855,   1211193,10623483908,4096,0.7974181319618006,2
1709085855,   1469906,10621366274,4096,0.877264181290044,2
1709085855, 207941640,10602643499,4096,0.8638321832268151,2
1709085855, 216537155,10610049037,4096,0.8490754500638658,2
1709085855, 216760443,10606899276,4096,0.8655688858402916,2
1709085855, 217416351,10606968837,4096,0.8076852328729766,2
1709085855, 217668624,10610076546,4096,0.7414795822361516,2
1709085855, 218860209,10574619180,4096,0.8679902555447175,2
1709085855, 220212819,10611425295,4096,0.8868681457042947,2
1709085855, 221245526,10640859152,4096,0.9587463058197779,2
1709085855, 276478174,10647662772,4096,0.838604265476607,2
1709085855, 276699315,10651066396,4096,0.8625172485329519,2
1709085855, 280266556,10657166629,4096,0.8681848131364932,2
1709085855, 509391175,10657230890,4096,0.8077884781974141,2
1709085855, 510079289,10658344962,4096,0.8609155136862563,2
1709085855, 511005719,10640924688,4096,0.9369489288292281,2
1709085855, 528796835,10644152327,4096,0.8508406887882092,2
1709085855, 543088340,10615910402,4096,0.8388299206467309,2
1709085855, 543567121,10644244892,4096,0.669029746896761,2
1709085855, 577859005,10524426306,4096,0.8224136116387267,2
1709085855, 681754482,10605858832,4096,0.6729108136438227,2
1709085855, 682519888,10605858832,4096,0.6788930298322254,2
1709085855, 686818182,10605858832,4096,0.7305868992562309,2
1709085855, 910583889,10661048364,4096,0.9914237506579607,2
1709085856,  14313085,10550948620,4096,0.983363604565014,2
1709085856,  17256622,10686238924,4096,0.991021729712947,2
1709085856,  23472187,10687119383,4096,0.9932944026308329,2
1709085856,  28465036,10561044496,4096,0.9907509570815153,2
1709085856,  35785232,10561048592,4096,0.9832007277640076,2
1709085856,  46919463,10674876547,4096,0.8550122640993667,2
1709085856,  47343495,10646188055,4096,0.5987714447775835,2
1709085856,  49349867,10594570256,4096,0.960305075827546,2
1709085856,  51980053,10691478796,4096,0.9938435111457079,2
1709085856,  52444879,10575139100,4096,0.9928834316338457,2
1709085856,  52711107,10692456732,4096,0.6186476459112668,2
1709085856,  56208458,10645147671,4096,0.7659358915648538,2
1709085856,  60018421,10692457020,4096,0.6509857694905419,2
1709085856,  60996380,10686234844,4096,0.9684275417300322,2
1709085856,  73574579,10694802360,4096,0.9253800449120813,2
1709085856, 293879323,10594623504,4096,0.9911072827497319,2
1709085856, 888468429,10674893187,4096,0.8384078766874754,2
1709085857, 138657377,10671743964,4096,0.6013497751003423,2
1709085857, 845176035,10682605569,4096,0.8354835258701825,2
1709085857, 854809624,10719260688,4096,0.8598733988828887,2
1709085858,   4996679,10682671327,4096,0.8354134206470493,2
1709085858,   8992246,10733068304,4096,0.8570638024965919,2
1709085858,   9203726,10729910291,4096,0.8532309434312998,2
1709085858,  38726049,10662940916,4096,0.8592325498857478,2
1709085858,  62015632,10630500363,4096,0.8186570751944222,2
1709085858, 122384978,10713415760,4096,0.7452847523717088,2
1709085858, 157512045,10699030544,4096,0.9462901969783345,2
1709085858, 248807852,10699100176,4096,0.9166308931654554,2
1709085858, 287636347,10630582564,4096,0.9922818094121821,2
1709085858, 287989529,10710069241,4096,0.8735792315688214,2
1709085858, 308836899,10699149328,4096,0.9884337096210202,2
1709085858, 319432344,10699153424,4096,0.9839401260925923,2
1709085858, 328839424,10699153424,4096,0.9497817586226436,2
1709085858, 454345530,10701279248,4096,0.9798049313456205,2
1709085858, 474310483,10699218960,4096,0.9243353816499722,2
1709085858, 509265790,19490930712,4096,0.26770240898036957,2
1709085858, 510806262,19482542056,4096,0.27678414723658046,2
1709085858, 512167460,19484639192,4096,0.2767064343357298,2
1709085858, 513565157,19486736376,4096,0.2767064343357298,2
1709085858, 514429325,19488833512,4096,0.27678414723658046,2
1709085858, 515624130,19490930648,4096,0.2783774860239075,2
1709085858, 516899448,19488849944,4096,0.5001485137545153,2
1709085858, 522396842,19490954520,4096,0.3681967677271728,2
1709085858, 563069610,10718654128,4096,0.7360914087369258,2
1709085858, 625531207,19491035496,4096,0.6576097239295525,2
1709085858, 912293115,10739056641,4096,0.8308399572186823,2
1709085859, 295694825,10767826972,4096,0.993476765243308,2
1709085859, 336789479,10764312844,4096,0.9702470052269816,2
1709085861,  28715876,10798600630,4096,0.8519702385273057,2
1709085861,  44604749,10798665850,4096,0.8671021012407156,2
1709085861,  71784584,10798534716,4096,0.8369573825088154,2
1709085861,  88696615,10803544124,4096,0.9890760969286125,2
1709085861,  94039424,10803544380,4096,0.9698524757532742,2
1709085861, 356450058,10808233987,4096,0.8812645498033232,2
1709085861, 373385594,10776908130,4096,0.824369803552996,2
1709085861, 373831097,10775924747,4096,0.8334407244188359,2
1709085861, 440495447,10715701506,4096,0.8414508295770955,2
1709085861, 573904659,10813383548,4096,0.978836636621853,2
1709085861, 625382205,10818228860,4096,0.7346452123218008,2
1709085861, 628989165,10805686812,4096,0.842628561658931,2
1709085861, 633031966,10818105367,4096,0.992737938632381,2
1709085861, 768453991,10820251671,4096,0.07543909959335794,2
1709085861, 976166579,10785714199,4096,0.9845296818960637,2
1709085862,   4977284,10828972032,4096,0.8269937127881927,2
1709085862, 166701132,10837102615,4096,0.9841748937851396,2
1709085862, 189346615,10839262748,4096,0.994431346306138,2
1709085862, 192770006,10837132640,4096,0.9907191277369822,2
1709085862, 201671468,10827006108,4096,0.81761215438931,2
1709085862, 240340012,10844962819,4096,0.8842049890167827,2
1709085862, 240939025,10839666737,4096,0.8453480574738694,2
1709085862, 248472848,10811469945,4096,0.8031683498079824,2
1709085862, 685654649,10871435271,4096,0.5364753991089434,2
1709085862, 685897260,10869321751,4096,0.6156294267900877,2
1709085863,  19906162,10880565271,4096,0.9924035168638553,2
1709085863,  70928543,10852581660,4096,0.9929895566852736,2
1709085863, 121101786,10896666065,4096,0.7328818858013374,2
1709085863, 122888090,10898846034,4096,0.8499019399006382,2
1709085863, 123107084,10857934922,4096,0.8558197834997329,2
1709085863, 125856318,10894717080,4096,0.8549613863507548,2
1709085863, 130795491,10898374792,4096,0.8584436406896923,2
1709085863, 151404544,10898976777,4096,0.843451532605802,2
1709085863, 674518947,10888261632,4096,0.8536620512500449,2
1709085863, 769862923,10888335391,4096,0.8750356247508767,2
1709085863, 875890371,10931396618,4096,0.8486919792415009,2
1709085864,  57532050,10942574615,4096,0.9937771306337273,2
1709085864, 235078215,10945874204,4096,0.00959848153014431,2
1709085864, 731900456,10953240576,4096,0.8027775788133438,2
1709085864, 859422595,10960084992,4096,0.724046948609853,2
1709085864, 911881319,10971177920,4096,0.9831647418555284,2
1709085865, 122323930,10974583840,4096,0.5583856473105687,2
1709085865, 124572912,10783566208,4096,0.7264279123780188,2
1709085865, 644097531,10880565271,4096,0.8016912085554126,2
1709085865, 662109788,10980894732,4096,0.5889975707744853,2
1709085865, 669921647,10980925756,4096,0.9923670495975745,2
1709085865, 696376981,10985484972,4096,0.8489961773092786,2
1709085865, 864316395,10989797660,4096,0.9915080809102349,2
1709085865, 870149794,10991874844,4096,0.8578524861977127,2
1709085865, 870972095,10989797660,4096,0.9773823041689546,2
1709085865, 937543050,10997252396,4096,0.634517030743351,2
1709085865, 944180501,10997252396,4096,0.634517030743351,2
1709085866, 151423008,10999341404,4096,0.20432965240582882,2
1709085866, 187660074,10999083074,4096,0.8314030665150757,2
1709085866, 264304753,11003449652,4096,0.9926912475231263,2
1709085866, 339992944,11012960564,4096,0.5292549666827431,2
1709085866, 571787358,11020054531,4096,0.8771324711873573,2
1709085866, 605613343,10893749936,4096,0.8811946625135724,2
1709085868, 186000943,11040429920,4096,0.5685137893074111,2
1709085868, 880589795,11054202903,4096,0.8358195116989839,2
1709085868, 959723921,11060719889,4096,0.8420803924890152,2
1709085868, 983419287,11063373920,4096,0.7276134629350773,2
1709085868, 984461655,11060920738,4096,0.8702044502497075,2
1709085869,  17500765,11030111100,4096,0.9729864605417642,2
1709085869,  32725142,11030114588,4096,0.8549738394195443,2
1709085869, 173395620,11067801623,4096,0.06488306817528053,2
1709085869, 176183499,11059261440,4096,0.8374096801232627,2
1709085869, 430803744,11068982300,4096,0.9585570682955507,2
1709085869, 536441511,11035492812,4096,0.993216295188042,2
1709085869, 639228063,11078471703,4096,0.9504507173084025,2
1709085869, 783380863,11081699660,4096,0.8224347194415742,2
1709085869, 824086910,11084784780,4096,0.9665330446739564,2
1709085869, 826947787,11084789792,4096,0.9901097533276881,2
1709085869, 854743923,11083825244,4096,0.9668240331551923,2
1709085869, 865661418,11085906140,4096,0.9379658797284881,2
1709085870,  37528768,19486749064,4096,0.6692440902872471,2
1709085870, 101499818,11115450508,4096,0.8905661363335171,2
1709085870, 134965107,11123905297,4096,0.8379086130042149,2
1709085870, 302463312,11132326208,4096,0.8476176838053335,2
1709085870, 303043002,11130208284,4096,0.8700326240836966,2
1709085870, 593387179,11158265879,4096,0.055324022298112015,2
1709085870, 704291538,11158269975,4096,0.17368794057580797,2
1709085870, 850033118,11159409564,4096,0.9940206212394509,2
1709085871, 285538224,11189088264,4096,0.864556739188507,2
1709085871, 364778627,11199262743,4096,0.9306696972777587,2
1709085871, 365841392,11199316428,4096,0.9916175395969619,2
1709085871, 431050076,11197530140,4096,0.8292950691789615,2
1709085871, 587124094,11197485056,4096,0.821858040694769,2
1709085871, 605348903,11199345292,4096,0.9861624530358079,2
1709085872, 197744961,11192050108,4096,0.9927968026320476,2
1709085872, 198784109,11172135900,4096,0.6836098765507921,2
1709085872, 206858976,11172147788,4096,0.7401697001418748,2
1709085872, 400545213,11192050028,4096,0.9864039790283875,2
1709085872, 404055558,11212063260,4096,0.46566039307805673,2
1709085872, 639417213,11223908380,4096,0.8426732165813644,2
1709085872, 639656603,11224936568,4096,0.8261593202351335,2
1709085872, 677441656,11228168204,4096,0.807294541599783,2
1709085872, 790599291,11235917852,4096,0.9680477960892551,2
1709085872, 792663632,11237027852,4096,0.9536050511755488,2
1709085872, 796557216,11224497356,4096,0.9932471227125637,2
1709085873, 451520074,11269816924,4096,0.9038376175967932,2
1709085873, 506572375,11275161623,4096,0.9838378696524203,2
1709085873, 532543560,11277221996,4096,0.6849260833502406,2
1709085873, 578982097,11277222444,4096,0.6817199600502463,2
1709085873, 581371708,19484666856,4096,0.622558851677201,2
