1663308892, 485702713,5842248780,4096,0.742820769431288,2
1663308892, 487185217,5716352432,4096,0.7764071296880467,2
1663308892, 487571677,19068715012,4096,0.7878638105181344,2
1663308892, 526187619,18627350608,4096,0.7080016320815995,2
1663308892, 526922966,18412224016,4096,0.8062493261960304,2
1663308892, 527994319,6395427980,4096,0.8459957431628878,2
1663308892, 528446263,18583563288,4096,0.7994539735059916,2
1663308892, 529550894,18719367176,4096,0.8380394068484864,2
1663308892, 529858989,18821994296,4096,0.8284513318651511,2
1663308892, 531041986,6247206844,4096,0.7946597515644499,2
1663308892, 532820775,5764034840,4096,0.8071590082046327,2
1663308892, 568668161,6010468972,4096,0.8565868149514568,2
1663308893,  21422265,19310528924,4096,0.8295261770523377,2
1663308893,  30629563,19551105832,4096,0.7705377721208162,2
1663308893,  30849630,19546268504,4096,0.8019944463021113,2
1663308893,  31065404,19549111176,4096,0.81247561262539,2
1663308893,  31287618,19394139112,4096,0.8075797893160405,2
1663308893,  31482995,19555648536,4096,0.8100634378611326,2
1663308893, 576393854,6136346184,4096,0.7504033847302677,2
1663308893, 576593525,19230433984,4096,0.7364703699265737,2
1663308893, 577349269,19102166704,4096,0.7573780229519083,2
1663308893, 579176366,6019906320,4096,0.8580848230301089,2
1663308893, 583122552,6360464672,4096,0.8393952706469259,2
1663308894, 775746811,6620558904,4096,0.6559128348588307,2
1663308894, 776281414,6581786648,4096,0.7174952681567627,2
1663308895, 138263579,5506910728,4096,0.8010907223768878,2
1663308895, 138777785,5587722888,4096,0.8156103115631221,2
1663308895, 139263007,5459274568,4096,0.8247857118904982,2
1663308895, 140193732,19397356584,4096,0.7868946666877915,2
1663308895, 140427755,19399435480,4096,0.725975442735576,2
1663308895, 741613519,5639788280,4096,0.8337541723839588,2
1663308895, 742244737,19403743416,4096,0.7526287243144681,2
1663308895, 743413778,6584212136,4096,0.9351834323683594,2
1663308895, 743863575,6430477112,4096,0.8657420446436503,2
1663308895, 755125663,18331028064,4096,0.7944911075409333,2
1663308895, 786471863,1059160,4096,0.2522985497326496,1
1663308895, 791514093,5807048528,4096,0.6700209049075411,2
1663308895, 795913296,6329381180,4096,0.9215568027916075,2
1663308895, 817395104,19315793928,4096,0.8321821164197257,2
1663308901, 122678934,6520057432,4096,0.8840017346160521,2
1663308901, 216117447,6357979152,4096,0.8123929605186595,2
1663308908, 473981950,19338608656,4096,0.6468842262130029,2
1663308908, 479026327,19338612752,4096,0.6551018707969524,2
1663308908, 961236086,6885113872,4096,0.9530166770615354,2
1663308909,  61434540,6917292048,4096,0.9599998277172864,2
1663308909,  77008878,6917292048,4096,0.9547112475767647,2
1663308909, 127059742,6917300240,4096,0.9021418869867778,2
1663308909, 130164304,19535142936,4096,0.4593966343961825,2
1663308909, 608311939,19535152008,4096,0.5418063479616301,2
1663308909, 632903677,6917304336,4096,0.947413249612057,2
1663308909, 701164322,6917304336,4096,0.9403333017597448,2
1663308909, 701772996,19535151624,4096,0.5496174815407772,2
1663308910,  21407621,19572766744,4096,0.42592570998723744,2
1663308911, 756691610,6956027927,4096,0.1263442135544388,2
1663308911, 891511401,7030558812,4096,0.0705413103776263,2
1663308913, 335788863,6881916028,4096,0.9931567001406455,2
1663308914,  40114471,6988345676,4096,0.6502824728399947,2
1663308914,  47405683,6988345676,4096,0.6766451690504925,2
1663308914, 599295254,1741290,4096,0.02818063577914614,1
1663308916,  96093703,7101538320,4096,0.6882580795220697,2
1663308916,  98258952,7101542416,4096,0.7153917585949047,2
1663308918, 177004972,19533037592,4096,0.5092773825518435,2
1663308918, 203026612,7017598992,4096,0.9586001733609647,2
1663308918, 203669638,19533059048,4096,0.4807465868977276,2
1663308918, 252452699,7069470743,4096,0.9855128083725482,2
1663308918, 425924931,7096270864,4096,0.9595592333462468,2
1663308918, 843917920,7096274960,4096,0.9509836356470087,2
1663308918, 848288139,7096274960,4096,0.9335020855767817,2
1663308918, 923449241,7038071388,4096,0.9932159021767366,2
1663308919,  16754641,7096799248,4096,0.9914986527735243,2
1663308919, 291938963,7097458704,4096,0.9435070803908729,2
1663308919, 735042190,7097417744,4096,0.9240241089009492,2
1663308919, 736710409,7097417744,4096,0.9204418289703067,2
1663308919, 740168153,7097417744,4096,0.9115987713928329,2
1663308919, 759767042,7097434128,4096,0.8161094353588831,2
1663308919, 797128063,7053108796,4096,0.9903472831533034,2
1663308920, 432800126,7132778512,4096,0.9599569313657235,2
1663308920, 523928467,7048232928,4096,0.9915547711516526,2
1663308920, 532937279,7130714128,4096,0.9348640841679663,2
1663308920, 543436109,7156457500,4096,0.9618126918503166,2
1663308920, 679423869,7157629164,4096,0.9946194619278822,2
1663308922, 640938321,7125196816,4096,0.9704390324453904,2
1663308922, 663238136,7201243372,4096,0.981573915308867,2
1663308922, 831319252,7125258256,4096,0.9488041555005631,2
1663308922, 840095114,7233273872,4096,0.9919995112651716,2
1663308923,  25650774,7233318928,4096,0.9902437242893606,2
1663308923, 247898553,7230087184,4096,0.9446046136786883,2
1663308923, 315551596,7161000556,4096,0.6927182219819956,2
1663308923, 622256987,7235567639,4096,0.7155471161437887,2
1663308923, 630798827,7242932247,4096,0.98656695091998,2
1663308923, 686275160,7150661676,4096,0.9526852718196539,2
1663308923, 708574975,7229218832,4096,0.9444392155867867,2
1663308924,  40708361,7181951728,4096,0.7187607885270991,2
1663308924, 251803659,7266553520,4096,0.990231256522938,2
1663308924, 590525114,7155277904,4096,0.993473514517612,2
1663308924, 703187866,7275079628,4096,0.010945051103309721,2
1663308924, 939850602,19530933784,4096,0.5031517539987259,2
1663308925,   4622483,7350935568,4096,0.9714094067941664,2
1663308925,  58425118,7277514768,4096,0.9784729367657555,2
1663308925,  59720833,7277514768,4096,0.9657258083677654,2
1663308925,  79208190,7250228464,4096,0.9923710677702922,2
1663308925, 754226063,7308168880,4096,0.9423185095586802,2
1663308925, 926600105,7300247568,4096,0.9832001717582874,2
1663308926, 254672552,7154207632,4096,0.6106651260164209,2
1663308927, 243998455,7344582679,4096,0.9795378338294335,2
1663308927, 259366681,7347732503,4096,0.9897822489904216,2
1663308927, 290660279,7376072727,4096,0.9850201109213125,2
1663308928, 463230485,7411347479,4096,0.03072805814662004,2
1663308928, 607011855,7413329936,4096,0.9698928348840248,2
1663308928, 904329488,7379869712,4096,0.9720571564344788,2
1663308929,  19012678,7459290800,4096,0.7491851716550163,2
1663308929, 136995696,7370145456,4096,0.6954723280735219,2
1663308929, 166769218,7371767824,4096,0.968856818925451,2
1663308929, 185976280,7371780112,4096,0.951884791739156,2
1663308929, 186187760,7385865824,4096,0.9383392579678955,2
1663308929, 293981115,7371784208,4096,0.9406488209331181,2
1663308929, 359758754,7296319504,4096,0.9701801415055324,2
1663308930,  47241036,7364759216,4096,0.6964057057889156,2
1663308930, 229736148,7407255568,4096,0.7060396648048617,2
1663308930, 238563538,7441874960,4096,0.903588451916711,2
1663308930, 252382704,7374007260,4096,0.7567503982834622,2
1663308930, 265510535,7421401296,4096,0.9390820575005537,2
1663308930, 306873564,7324216832,4096,0.7016703836997454,2
1663308930, 313781536,7449478636,4096,0.9927498251018662,2
1663308930, 524930398,7451878828,4096,0.6858083641205849,2
1663308931, 562736635,7410024471,4096,0.9903123843200458,2
1663308931, 707516359,7486832663,4096,0.9272507964791284,2
1663308932,  40071742,7490830000,4096,0.8570116950246309,2
1663308932, 558939379,7426031639,4096,0.9840447718413114,2
1663308932, 561727258,7426035735,4096,0.886696377821857,2
1663308932, 616396319,7394983952,4096,0.990979423379747,2
1663308932, 924457541,7505216924,4096,0.018763489063642353,2
1663308932, 997796914,7434518551,4096,0.974385395977257,2
1663308933, 248131858,7446458384,4096,0.9673864291639689,2
1663308933, 250108171,7446458384,4096,0.943709053425191,2
1663308933, 258171230,7470682604,4096,0.9930743111098802,2
1663308933, 276880188,7446478864,4096,0.9910491074275259,2
1663308933, 387640697,7446487056,4096,0.9928056638531084,2
1663308933, 397025234,7495778320,4096,0.9803242349083822,2
1663308933, 398500223,7495778320,4096,0.9690593571151485,2
1663308933, 401119563,7495778320,4096,0.9532514148567276,2
1663308933, 409696828,7443488908,4096,0.726552536357932,2
1663308933, 411244815,7495782416,4096,0.9495423467146322,2
1663308933, 415737413,7440204172,4096,0.9929828284854104,2
1663308933, 557960060,7481857328,4096,0.9022917490567682,2
1663308933, 558959489,7463281004,4096,0.9934107042822582,2
1663308933, 808624457,7475949591,4096,0.9943188191135994,2
1663308933, 829783142,19528679448,4096,0.26770240898036957,2
1663308933, 831173325,19520290792,4096,0.26887817818232235,2
1663308933, 832054668,19522387928,4096,0.2686273377509941,2
1663308933, 832898439,19524485112,4096,0.282658868674246,2
1663308933, 834868312,19526582248,4096,0.27678414723658046,2
1663308933, 836930505,19528679384,4096,0.4670763057498688,2
1663308933, 847182430,19528682520,4096,0.6227294892593896,2
1663308934, 242342186,7554830352,4096,0.9470181246302504,2
1663308934, 273281529,7554842640,4096,0.9465283958851791,2
1663308934, 274082360,7559041040,4096,0.9893233704302417,2
1663308934, 332773826,7540973591,4096,0.9865376535514231,2
1663308934, 393135657,7543078935,4096,0.9861160883914083,2
1663308934, 395646574,7554863120,4096,0.9910589666422479,2
1663308934, 478448849,7554895888,4096,0.9498007096251376,2
1663308934, 572506772,7591428119,4096,0.9930808569196167,2
1663308934, 579729280,7557021712,4096,0.9907975048091316,2
1663308934, 731263467,7557062672,4096,0.9922883367664325,2
1663308934, 734103948,7557062672,4096,0.9745333068664203,2
1663308934, 735354575,7557062672,4096,0.9657876588758569,2
1663308934, 739347995,7557066768,4096,0.981625458042093,2
1663308934, 802615791,7559180304,4096,0.9772748845936673,2
1663308934, 833284613,7558152208,4096,0.9820776949343427,2
1663308934, 901440054,7573979152,4096,0.984019449445539,2
1663308934, 997159755,7530151568,4096,0.9708249958523684,2
1663308935,   6240492,7574056976,4096,0.7142316509019585,2
1663308935,  43720671,7562543120,4096,0.9818207197428348,2
1663308935,  58746450,7562563600,4096,0.9647029556782513,2
1663308935,  78506476,7573147664,4096,0.9200449333794566,2
1663308935, 215430328,7628320784,4096,0.3085400907188245,2
1663308935, 236653423,7621336208,4096,0.6942885467710671,2
1663308935, 290027843,7498999276,4096,0.976259475124728,2
1663308935, 292428189,7579792348,4096,0.9936713314307347,2
1663308936,    199732,7611379735,4096,0.6562362774821219,2
1663308936, 163844072,7617482908,4096,0.9941079140378237,2
1663308936, 174328947,7537725456,4096,0.9711558931947895,2
1663308936, 176090560,7537725456,4096,0.9600255199629946,2
1663308936, 185576006,7616995612,4096,0.4695902981188647,2
1663308936, 194235931,7616996124,4096,0.5712447923023646,2
1663308936, 378894033,7617675612,4096,0.9937584337979014,2
1663308936, 464246945,7655441820,4096,0.00953744637389431,2
1663308936, 464757931,7537750032,4096,0.946215047828861,2
1663308937,  18556184,7631896599,4096,0.2546104362969015,2
1663308938, 103324937,7638192151,4096,0.9917120594213609,2
1663308938, 357381594,7604981592,4096,0.8596838153298811,2
1663308938, 863411244,7642304504,4096,0.784669776850298,2
1663308938, 946095435,7644119080,4096,0.602268863123545,2
1663308939,  29388300,7645008300,4096,0.2844459154646073,2
1663308940,  28465877,7690399752,4096,0.7333821541099365,2
1663308940, 547187629,19526588696,4096,0.5806170886472765,2
1663308940, 548804320,19526590424,4096,0.616899030638937,2
1663308940, 902705065,7701221376,4096,0.8273848625866895,2
1663308940, 911313462,7517283676,4096,0.9714909703973363,2
1663308940, 974193724,7669831368,4096,0.9091295356143904,2
1663308941, 949498644,7682318368,4096,0.7012086646564095,2
1663308942, 195985090,7686437472,4096,0.8183599617215191,2
1663308942, 421570380,7730151484,4096,0.10869149779531526,2
1663308942, 592028225,7734506284,4096,0.6683899314577018,2
1663308942, 606111471,7734505772,4096,0.8304994831010569,2
1663308942, 638664285,7737155607,4096,0.6882815298519663,2
1663308942, 642502048,7734534156,4096,0.8300003962083712,2
1663308942, 686837598,7708291116,4096,0.9761631527173895,2
1663308946, 250163489,7750856727,4096,0.32670514295518654,2
1663308947, 342788003,7806087436,4096,0.8252911164068225,2
1663308947, 384278778,7808806935,4096,0.9920823329021713,2
1663308948, 215207609,7839158295,4096,0.9913695107210925,2
1663308948, 216033131,7776317456,4096,0.9927125815388309,2
1663308948, 227119165,7839175904,4096,0.9418200178423838,2
1663308948, 228464261,7833440796,4096,0.9739790506201149,2
1663308948, 228835692,7795675532,4096,0.9688055744372359,2
1663308948, 363412872,7746973712,4096,0.9843880632256178,2
1663308948, 365936671,7746973712,4096,0.9543054282004545,2
1663308948, 507552791,7811469596,4096,0.09393496359952777,2
1663308948, 800432575,7816405008,4096,0.795974135687113,2
1663308948, 906885129,7815372816,4096,0.9560053246585757,2
1663308948, 934566400,7816437776,4096,0.9755666177771483,2
1663308949, 253977849,7820669900,4096,0.9935294414807085,2
1663308949, 445128479,7815520272,4096,0.833491781914085,2
1663308949, 455483460,7835656316,4096,0.9333769653142306,2
1663308949, 461763435,19524490264,4096,0.39744930809260387,2
1663308949, 467344562,19524485608,4096,0.6217684660978177,2
1663308949, 469974637,7874482796,4096,0.7770592332553664,2
1663308949, 568664712,7875608732,4096,0.9783702374978868,2
1663308949, 651659144,7876444876,4096,0.992409618825029,2
1663308949, 835362905,7776788496,4096,0.9846773859419916,2
1663308950,  63328256,7853670423,4096,0.15952212808998728,2
1663308952,  19216383,7910305815,4096,0.9925642806593779,2
1663308952, 276602075,7887163596,4096,0.07786827006754621,2
1663308952, 481483844,7885351408,4096,0.9848117177327426,2
1663308952, 775396336,7901143056,4096,0.944965395717357,2
1663308952, 779865316,7900954640,4096,0.9652847674928429,2
1663308952, 807563763,7901011984,4096,0.9612880439390797,2
1663308953,   4098108,7853887504,4096,0.9562910761146421,2
1663308953,  10194514,7895838736,4096,0.9689137867616041,2
1663308953,  19836691,7901085712,4096,0.9363908532334115,2
1663308953,  29942509,7895822352,4096,0.9872225668881351,2
1663308953,  30998833,7895822352,4096,0.985308324588033,2
1663308953,  71824038,7853887504,4096,0.9879773447765036,2
1663308953, 321919591,7951163884,4096,0.8124262545955291,2
1663308953, 751766167,7944782076,4096,0.9924748375647989,2
1663308953, 752295403,7895507740,4096,0.8825466292017011,2
1663308953, 752995325,7888172076,4096,0.9930425446582383,2
1663308954, 299372584,7921776376,4096,0.7735568712189403,2
1663308957, 209773121,8022216592,4096,0.8279337259189007,2
1663308957, 344358889,7993258000,4096,0.9427275572066466,2
1663308957, 349461235,7993262096,4096,0.9801387282974792,2
1663308957, 537136946,19522399512,4096,0.47047845942395083,2
1663308958,  24514534,7993499664,4096,0.937424967917339,2
1663308958, 402394160,8083181584,4096,0.7207610499840247,2
1663308958, 493403343,8049647592,4096,0.9909387862052299,2
1663308958, 497353823,8037743104,4096,0.8555379333294859,2
1663308958, 540350718,8084086807,4096,0.7850120198392628,2
1663308958, 857041806,7961206800,4096,0.9624979726486949,2
1663308959, 602057359,8061731180,4096,0.975121691308099,2
1663308959, 625149417,8061731180,4096,0.9852222341272513,2
1663308959, 731709321,8064316588,4096,0.9881080678321866,2
1663308960, 574621633,8068190231,4096,0.8587793849323645,2
1663308960, 588257230,8096260112,4096,0.9697547820897973,2
1663308960, 605410686,8065794332,4096,0.993081104359838,2
1663308960, 648754322,8105775676,4096,0.988192135844559,2
1663308960, 672228547,8107876668,4096,0.7628291328302493,2
1663308960, 718367577,8107876668,4096,0.8524757436436494,2
1663308960, 734896256,8105775676,4096,0.9421601854172835,2
1663308960, 735431933,8107876668,4096,0.8528988486530588,2
1663308961, 234748026,8155389968,4096,0.9845041607323783,2
1663308961, 495188787,8104823952,4096,0.9917540355168584,2
1663308961, 619072834,8109994556,4096,0.8583236402785821,2
1663308961, 619706199,8076460300,4096,0.9858312111966732,2
1663308961, 632811487,8105791628,4096,0.9826799647781026,2
1663308961, 642229303,8142671888,4096,0.9742311319842978,2
1663308961, 648009027,8146747884,4096,0.9708831021633714,2
1663308961, 706791740,8150380616,4096,0.9905033680942005,2
1663308961, 726142651,8152056044,4096,0.9739930912377778,2
1663308961, 871213294,8156799436,4096,0.9940441601673139,2
1663308961, 883560691,8136022412,4096,0.0024612374017009067,2
1663308961, 884388359,8138123932,4096,0.0048610521183794775,2
1663308962, 547066462,8201015319,4096,0.9878567363773211,2
1663308962, 552179542,8152056460,4096,0.9589324227265559,2
1663308963, 678536647,8177397776,4096,0.985601425130848,2
1663308964,  47117616,8188132496,4096,0.9846750940950606,2
1663308964, 193274641,19520330216,4096,0.4861136076497564,2
1663308964, 308357061,8235658444,4096,0.9699008685727246,2
1663308964, 313352057,19520334104,4096,0.5887444150499112,2
1663308964, 482813693,19520329160,4096,0.7025519612683453,2
1663308964, 485598352,8234061840,4096,0.5940601362194182,2
1663308964, 845122090,8138123932,4096,0.053846162807711186,2
1663308964, 926022124,8174948375,4096,0.9917475863570411,2
1663308965, 574284195,8262090775,4096,0.9200823629739621,2
1663308965, 796363434,8248841004,4096,0.9804582816481565,2
1663308965, 822424793,8250613783,4096,0.990535731238282,2
1663308965, 861264023,8243695632,4096,0.9764932143489518,2
1663308966, 217726251,8301293591,4096,0.9937545900472717,2
1663308967, 166464192,8309690391,4096,0.9809771542474035,2
1663308968, 624201085,8319424172,4096,0.0354286156216817,2
1663308968, 867474435,8320426000,4096,0.16741468352242567,2
1663308968, 869225313,8320426000,4096,0.7197651704868873,2
1663308969, 176423552,19518211096,4096,0.4597505730318466,2
1663308969, 186506938,19518209368,4096,0.6931046428991696,2
1663308969, 248615354,8347844631,4096,0.9857079558903087,2
1663308970,  42612453,8364204048,4096,0.9866857359104519,2
1663308970,  43174967,8364204048,4096,0.9823290833076935,2
1663308970,  53771485,8448094224,4096,0.9932074915022224,2
1663308970,  55971087,8448094224,4096,0.9876874203045116,2
1663308970, 411577735,8362389788,4096,0.9930471478708395,2
1663308970, 432959708,8358203516,4096,0.9925441511155499,2
1663308970, 473463936,8294416407,4096,0.9933504345306028,2
1663308970, 719680823,8406851600,4096,0.5347454300009534,2
1663308970, 823332615,8420343831,4096,0.7586819545442943,2
1663308970, 982582046,8407217168,4096,0.9927840393233848,2
1663308971, 133148047,19518743560,4096,0.5531695442393095,2
1663308971, 140840748,8353492588,4096,0.9803975587371937,2
1663308971, 174689277,8389994600,4096,0.7294206817218507,2
1663308971, 278793013,8393089047,4096,0.23052450885368173,2
1663308971, 417224058,8430596268,4096,0.17328549073680666,2
1663308971, 925861240,8401645296,4096,0.8386137147888818,2
1663308972, 216568372,8485388311,4096,0.9909009840432356,2
1663308972, 221742642,8487243932,4096,0.9896766134320055,2
1663308972, 253617004,8485241100,4096,0.9915919336900526,2
1663308972, 261511523,8454873324,4096,0.880860631351971,2
1663308972, 814227689,8494264336,4096,0.9375335618423551,2
1663308973,  28399527,8489443344,4096,0.6661442791275123,2
1663308973,  43989005,8524070928,4096,0.6728340873126313,2
1663308973,  50446108,8524075024,4096,0.6103997921204384,2
1663308973, 309199327,8499159372,4096,0.9912826597519417,2
1663308973, 403376409,8464134300,4096,0.9882239020090204,2
1663308973, 432296499,8464134364,4096,0.5340408692286305,2
1663308973, 484112197,8503740444,4096,0.9924862944490551,2
1663308974, 125509235,8506077207,4096,0.9931485425545414,2
1663308974, 282265999,8472526871,4096,0.8368505893770242,2
1663308974, 482742124,8586645527,4096,0.44790954494476654,2
1663308974, 484873022,8587182188,4096,0.5546388914364527,2
1663308974, 496629994,8516993068,4096,0.9804717018462821,2
1663308974, 516757045,8558944412,4096,0.9939277799482569,2
1663308974, 669899335,8547155984,4096,0.9607426711523472,2
1663308975, 724198825,8564305936,4096,0.9874545461607426,2
1663308975, 787433343,8564305936,4096,0.9655260048868473,2
1663308975, 794846934,8564305936,4096,0.9565181397756359,2
1663308975, 841086873,8564305936,4096,0.9473638498371593,2
1663308976,  31751319,8544002071,4096,0.984548675479388,2
1663308976, 703283538,19566428184,4096,0.26770240898036957,2
1663308976, 704673721,19558039528,4096,0.2850338389158728,2
1663308976, 705559358,19560136664,4096,0.28317125381374414,2
1663308976, 706419232,19562233848,4096,0.2827675590715947,2
1663308976, 707363912,19564330984,4096,0.2862644538796938,2
1663308976, 708077789,19566428120,4096,0.4326338338329636,2
1663308976, 818388502,8577028204,4096,0.9900415382001388,2
1663308977,  71135489,4320071703,4096,0.9908269719213453,2
1663308977, 281267858,4321624080,4096,0.54816350358878,2
1663308977, 634123014,4342984732,4096,0.9909396954891622,2
1663308977, 735693290,4351381580,4096,0.9895961024713736,2
1663308978, 192235776,4362448912,4096,0.7745869105911188,2
1663308978, 278438899,4361420816,4096,0.9370733562239051,2
1663308978, 792843997,4384092183,4096,0.9919360363066718,2
1663308978, 859992495,4388737356,4096,0.9923715908791335,2
1663308979,  18778174,4389386156,4096,0.9625124952741577,2
1663308979,  22478529,4388737356,4096,0.9911312770732129,2
1663308979,  34865645,4375572764,4096,0.9933074632219924,2
1663308979,  96585566,4392423852,4096,0.9928343136785982,2
1663308979, 230381238,4395626556,4096,0.009188496361056255,2
1663308979, 231460106,4389378780,4096,0.8675658599078115,2
1663308980,  43103398,4375573020,4096,0.9741496752898406,2
1663308980,  79276165,4375573020,4096,0.97425637157278,2
1663308980, 686550821,4420976880,4096,0.993637676273768,2
1663308981,  40254042,4427100412,4096,0.019403129515813213,2
1663308981,  92698923,4430225424,4096,0.9664913144243178,2
1663308981, 428227789,4434698240,4096,0.7935422929942311,2
1663308981, 713875404,4450218000,4096,0.7523591322276213,2
1663308981, 717252635,4449173520,4096,0.9431975431476395,2
1663308982, 229155515,19564347464,4096,0.3918555439770627,2
1663308982, 230612255,4449370128,4096,0.8825745994204979,2
1663308982, 235182144,19564347464,4096,0.3915607850339759,2
1663308982, 235557869,4449378320,4096,0.9679867498271736,2
1663308982, 237532036,4449382416,4096,0.9618744731225091,2
1663308983,  52566514,4483346455,4096,0.03893052669040578,2
1663308983, 712817433,4511142288,4096,0.5294076117656762,2
1663308983, 827853693,4515930135,4096,0.8425241493500231,2
1663308983, 995954132,4513599504,4096,0.779580060054907,2
1663308984, 199836584,4532920396,4096,0.1858897700572369,2
1663308984, 767732039,4557877271,4096,0.814657837352542,2
1663308985,  32493638,4558422032,4096,0.9519659635681436,2
1663308985,  36498867,4558426128,4096,0.9706735824577272,2
1663308985,  87202530,4564004976,4096,0.9935271681001218,2
1663308985,  88897587,4559503376,4096,0.8943428118294504,2
1663308985, 160992773,4569890860,4096,0.922429440237983,2
1663308985, 351679652,4544579004,4096,0.9934352865390245,2
1663308985, 382445088,4544594028,4096,0.9847531246942126,2
1663308985, 383098850,4544594092,4096,0.9836046547554461,2
1663308985, 422145265,4582289431,4096,0.9929064604672193,2
1663308985, 480092795,4578886912,4096,0.9916048709972718,2
1663308985, 482771178,4586266640,4096,0.9588199956209366,2
1663308985, 634330055,4592832535,4096,0.9940650195438684,2
1663308985, 636297780,4575809552,4096,0.9669343483296564,2
1663308985, 699074987,4575809552,4096,0.9635249397702247,2
1663308986, 716115439,4583325712,4096,0.8581628562488074,2
1663308986, 725382965,4583342096,4096,0.8673958770532743,2
1663308987, 276296835,4621500476,4096,0.9942577497696127,2
1663308987, 278441688,4618359116,4096,0.9938025482407583,2
1663308988,  13213904,4641893520,4096,0.9880114247585621,2
1663308988,  14314241,4638470160,4096,0.9697564329636751,2
1663308988, 543545447,4655390748,4096,0.9921181878709636,2
1663308988, 978760597,4662385808,4096,0.9899964675904636,2
1663308988, 986120513,4662373520,4096,0.9259209342295202,2
1663308989,  50786006,4664491152,4096,0.9622870473241846,2
1663308989,  64830606,4630720524,4096,0.9459235859338312,2
1663308989, 297774850,4578901376,4096,0.9732465809220558,2
1663308989, 463346123,4660633616,4096,0.9694117463738664,2
1663308989, 603663308,4674801680,4096,0.6845197429644007,2
1663308989, 626046856,4672716816,4096,0.9367757088751549,2
1663308989, 852016459,4672786448,4096,0.9749658709422968,2
1663308989, 930778081,4672790544,4096,0.9744093688165447,2
1663308990, 326996307,4707583324,4096,0.994117598313199,2
1663308990, 387026427,4710239708,4096,0.0024612374017009067,2
1663308990, 492761883,4710551564,4096,0.6445395877510597,2
1663308990, 494116640,4677173308,4096,0.962731030288037,2
1663308991, 305558226,4725092396,4096,0.992407741792012,2
1663308991, 448184509,4726989100,4096,0.03367166401206436,2
1663308991, 488206736,4726989612,4096,0.9868674936522775,2
1663308991, 633771189,4732420112,4096,0.9424076768394782,2
1663308991, 745114609,4733591568,4096,0.9850730677820507,2
1663308991, 773756663,4741668876,4096,0.800715299798857,2
1663308992, 227519857,4746649616,4096,0.42019682914934875,2
1663308992, 254499059,4726989100,4096,0.9899450935816481,2
1663308992, 315883936,4750086167,4096,0.11328395448414524,2
1663308993, 746022217,4767105036,4096,0.377085391515624,2
1663308993, 749298539,4762640400,4096,0.45668069368479425,2
1663308994,  47235582,4737925148,4096,0.9937558446582149,2
1663308994,  53449000,4763754512,4096,0.5949147165211288,2
1663308994,  59607670,4763758608,4096,0.43993140092083843,2
1663308994,  65612829,4763758608,4096,0.5403713538656775,2
1663308994,  72957716,4763758608,4096,0.5973949517863822,2
1663308994, 121292165,4787834903,4096,0.9932933735645708,2
1663308994, 151490793,4788200108,4096,0.9748545479286953,2
1663308994, 153977019,4787135260,4096,0.4981806825254592,2
1663308994, 157047229,4792410412,4096,0.9923281187975175,2
1663308994, 164279399,4790423564,4096,0.9931164474964675,2
1663308994, 167985121,4792422620,4096,0.9516437561440456,2
1663308994, 727061774,19560155928,4096,0.33826658975734675,2
1663308994, 829448983,4833513484,4096,0.461296589475095,2
1663308994, 864315190,4839854156,4096,0.9865624648438424,2
1663308995,  41294658,4859129964,4096,0.09175315920860738,2
1663308995,  49586261,4858609708,4096,0.44717621023720566,2
1663308995,  50129452,4827426860,4096,0.9496646350656781,2
1663308995,  50837962,19560440040,4096,0.587552342318839,2
1663308995, 188308336,4859519820,4096,0.9887359427135712,2
1663308995, 189262678,4794560540,4096,0.9935953796832497,2
1663308995, 190375897,4856480764,4096,0.9905769843002182,2
1663308995, 323019704,4861550368,4096,0.1914922847337644,2
1663308995, 332635044,4822175760,4096,0.9724365032072941,2
1663308995, 358626626,4822179856,4096,0.9403623438561223,2
1663308995, 642848633,4871323932,4096,0.9924938077020969,2
1663308995, 691281732,4836729660,4096,0.9932976677173998,2
1663308997,  81628701,4898455568,4096,0.4558759339266918,2
1663308997, 111404370,4900520220,4096,0.9920198409173884,2
1663308997, 146176109,4900520220,4096,0.9726288175454791,2
1663308997, 150437904,4900520028,4096,0.9167956127559332,2
1663308997, 152797457,4898471952,4096,0.9836829766777164,2
1663308997, 184065291,4898480144,4096,0.981627592224068,2
1663308997, 203489200,4872311116,4096,0.991698815064881,2
1663308997, 220652318,4872380439,4096,0.8793571632014346,2
1663308997, 221265287,4898484240,4096,0.9608608346420693,2
1663308997, 366457235,4910338071,4096,0.14899552994813725,2
1663308997, 520160965,4915650620,4096,0.10932818640870301,2
1663308997, 693058875,4924039212,4096,0.3196304336241351,2
1663308997, 989021752,4942004252,4096,0.9919614311057725,2
1663308998, 121548659,4898074640,4096,0.9637670748046476,2
1663308998, 348996471,4891340816,4096,0.9902122287583781,2
1663308998, 421004704,4958609431,4096,0.3018097287495512,2
1663308998, 919691615,4966227984,4096,0.33990510996303386,2
1663308999,  55836217,4967346192,4096,0.9312267185476589,2
1663308999,  57566699,4967350288,4096,0.9614909003461101,2
1663308999, 172740367,4935913488,4096,0.9643840304662128,2
1663308999, 200998107,4905804460,4096,0.9583182812031439,2
1663308999, 221403195,4967411728,4096,0.946973547842646,2
1663308999, 301346740,8331391244,4096,0.9907443241364741,2
1663308999, 301846991,4967424016,4096,0.9330197748712383,2
1663308999, 310569179,5002453676,4096,0.9857332958544913,2
1663308999, 589645900,19558047512,4096,0.5499860014942527,2
1663308999, 591581421,19558048232,4096,0.495393836194508,2
1663308999, 621210021,19558053176,4096,0.4207995587069277,2
1663309000, 539547516,4987306007,4096,0.6301153039210401,2
1663309000, 867335373,4986694888,4096,0.6740224091595142,2
1663309001,   7124508,5036937244,4096,0.8007712926453544,2
1663309001, 153227858,5041584768,4096,0.9911697467798586,2
1663309001, 468067158,5047091223,4096,0.30855492487729513,2
1663309001, 489011143,5048055260,4096,0.8295705563269039,2
1663309001, 493247174,5049725292,4096,0.991130444439414,2
1663309001, 691138311,5054820368,4096,0.9444266680392508,2
1663309002,  60471804,5072683036,4096,0.9798225979655332,2
1663309002, 254625014,5045208688,4096,0.9879600085573457,2
1663309002, 256974905,5055025168,4096,0.9072361805839522,2
1663309002, 347314224,5055037456,4096,0.9520250094010131,2
1663309002, 714556427,5083353111,4096,0.7271568535473429,2
1663309002, 981807473,5059448156,4096,0.9936981463308656,2
1663309002, 983847123,5077309084,4096,0.9933679750690355,2
1663309002, 987090166,5024321552,4096,0.8814967867706635,2
1663309002, 989471189,5024329744,4096,0.9890681229756099,2
1663309003, 593457826,5099130903,4096,0.35016430881450944,2
1663309003, 826078835,5050556432,4096,0.9744735441296861,2
1663309004, 324991292,5104468940,4096,0.991619202381416,2
1663309004, 326016485,5104477568,4096,0.9918280795960874,2
1663309004, 729836053,5087682576,4096,0.9698846563298384,2
1663309004, 779225641,5125439548,4096,0.792967697989947,2
1663309005,  78318955,5104486608,4096,0.991903767221441,2
1663309005,  89844051,5134713100,4096,0.9790862863648074,2
1663309005,  97041869,5134721308,4096,0.9521557812261146,2
1663309005, 295455800,5110976528,4096,0.43517419987656053,2
1663309005, 361601650,5136486332,4096,0.04180688236034359,2
1663309005, 385404365,5109932048,4096,0.9533049470022308,2
1663309005, 632886908,5144674332,4096,0.988167006671061,2
1663309007,  13417793,5164891280,4096,0.9861103516332964,2
1663309007, 281421362,5169610780,4096,0.6472127015214804,2
1663309007, 282079417,5169614860,4096,0.6413524530565684,2
1663309007, 412486050,5172764716,4096,-0.0,2
1663309007, 550202145,5172764716,4096,0.1685290556738681,2
1663309009, 150855278,19556037880,4096,0.7136559839219347,2
1663309009, 862294859,5209435344,4096,0.744470146726582,2
1663309010,  10941442,5235748908,4096,0.17468668289158565,2
1663309010,  17159154,5235749132,4096,0.9833988476604663,2
1663309010,  19008795,5231546764,4096,0.9404340035230558,2
1663309010,  42520592,5221101852,4096,0.9906477686070483,2
1663309010, 456364503,5247983632,4096,0.9865222482128609,2
1663309010, 459997227,5247983632,4096,0.9819049623913725,2
1663309010, 729718396,5245980688,4096,0.9889705566499962,2
1663309010, 893245725,5245988880,4096,0.9740615155542833,2
1663309010, 900221328,5280833559,4096,0.9912273096057586,2
1663309011, 237588137,5286281292,4096,0.9933513307634084,2
1663309011, 238463040,5286281292,4096,0.9878920972174968,2
1663309011, 329820037,5247086608,4096,0.9450708115021819,2
1663309011, 357443339,5247098896,4096,0.8807365874028275,2
1663309012, 455788534,5287628816,4096,0.7842147616795659,2
1663309012, 677174292,5287686160,4096,0.9534172606330421,2
1663309013,   9471923,5339394108,4096,0.5391039179724059,2
1663309013,  13334376,5319188496,4096,0.888443784188715,2
1663309013, 142698752,5319208976,4096,0.9634960485718294,2
1663309013, 168770847,5328724044,4096,0.9858039722056706,2
1663309013, 170782586,5319249936,4096,0.9423782821267997,2
1663309013, 303823588,5342351383,4096,0.4350481759697688,2
1663309013, 507937804,5287825424,4096,0.9885404320127879,2
1663309014,  43042129,5347720336,4096,0.6900259055998789,2
1663309014, 152649811,5068144940,4096,0.9933426172209521,2
1663309014, 182016477,5334573180,4096,0.9874202583877534,2
1663309014, 309698567,5352435948,4096,0.9939220876090529,2
1663309014, 314475642,5352460988,4096,0.9757352670503834,2
1663309015,  85582612,5335703820,4096,0.9926261851047345,2
1663309015, 103460681,5336760988,4096,0.9207389105929402,2
1663309015, 107821238,5367312392,4096,0.7353760133508573,2
1663309015, 356001556,19503513624,4096,0.26770240898036957,2
1663309015, 356816342,19495124968,4096,0.27678414723658046,2
1663309015, 357656893,19497222104,4096,0.2764696352894616,2
1663309015, 358497443,19499319288,4096,0.2767064343357298,2
1663309015, 359437829,19501416424,4096,0.27678414723658046,2
1663309015, 360918186,19503513560,4096,0.32473520294449365,2
1663309015, 476373111,19503522120,4096,0.5409352911637201,2
1663309015, 697619314,19503717912,4096,0.4067211593434452,2
1663309016, 182570903,9683615767,4096,0.8164524479519564,2
1663309016, 809047254,9678372908,4096,0.7600863102639512,2
1663309017,   3772751,9719943484,4096,0.9840653384630795,2
1663309017, 606594529,9712603152,4096,0.9439437575524193,2
1663309017, 665414814,9712631824,4096,0.9893310746292258,2
1663309017, 667285925,9712631824,4096,0.9761817041378533,2
1663309017, 674552446,9712640016,4096,0.9868559029221301,2
1663309018,  55676189,9762730096,4096,0.03403627679021217,2
1663309018,  62420990,9761996940,4096,0.9751174340264802,2
1663309018,  66739569,9762033424,4096,0.9751174340264802,2
1663309019, 480671332,9745674300,4096,0.9593519837828254,2
1663309019, 586151295,9750986860,4096,0.9484622365553403,2
1663309019, 588253208,9749676055,4096,0.944059032864979,2
1663309019, 776843541,9790652439,4096,0.9848051482115826,2
1663309019, 899091574,9749463628,4096,0.9878020168796596,2
1663309019, 899427580,9790361932,4096,0.9691719768737135,2
1663309019, 901582094,9795629132,4096,0.9867036704667563,2
1663309019, 943953139,9749376688,4096,0.9859253910328145,2
1663309020, 356132164,9747349168,4096,0.9380857319536591,2
1663309020, 437632284,9804525584,4096,0.9687938078659301,2
1663309020, 488432451,9835991052,4096,0.8043811790034002,2
1663309020, 585935235,9835917328,4096,0.9543626040936924,2
1663309020, 711167598,19501424360,4096,0.6189570690440621,2
1663309020, 801884789,9845474204,4096,0.9938653555890292,2
1663309020, 802541771,9838265692,4096,0.9934116908127444,2
1663309020, 827515675,9848836119,4096,0.9938488386311466,2
1663309020, 842404047,9837019152,4096,0.957935241215635,2
1663309020, 866149867,9815289879,4096,0.9914987256276887,2
1663309020, 899626964,9820647548,4096,0.9924547135768229,2
1663309020, 966522117,9862656023,4096,0.9923231115741481,2
1663309020, 975147689,9863708695,4096,0.9906510944532564,2
1663309021,  22116535,9867124780,4096,0.9920755522059153,2
1663309021,  27097575,9867133004,4096,0.9339566394011088,2
1663309021,  29014846,9867133436,4096,0.9223086441034196,2
1663309021, 209526129,9851261232,4096,0.9545965239028941,2
1663309021, 236761898,9858289708,4096,0.8043572420481474,2
1663309021, 327665878,9852358672,4096,0.9826283566963111,2
1663309021, 427423012,9896108140,4096,0.18998060317871882,2
1663309021, 430828154,9858383884,4096,0.9855239268605265,2
1663309021, 586971950,9880834064,4096,0.9619305376331264,2
1663309021, 600149162,9872743568,4096,0.9289935449413802,2
1663309021, 607141941,9852559376,4096,0.9923363100561715,2
1663309021, 787803403,9914109975,4096,0.9920585383552407,2
1663309021, 817555456,9913430092,4096,0.9856777489300662,2
1663309021, 845595276,9845178652,4096,0.9937120272176193,2
1663309021, 849971935,9845178652,4096,0.9937120272176193,2
1663309021, 995083371,9917456412,4096,0.6309461377272868,2
1663309022, 266644631,9934228412,4096,0.9537374226030447,2
1663309022, 266897977,9931131004,4096,0.9933899341238489,2
1663309022, 901055220,9938833424,4096,0.7097599856194949,2
1663309023, 292921477,9952014352,4096,0.9101130430748534,2
1663309023, 415282228,9953103888,4096,0.9449630689906414,2
1663309023, 489359095,9950466071,4096,0.9934450225461209,2
1663309023, 512504829,9867120764,4096,0.9393182909605258,2
1663309023, 531318990,9920795228,4096,0.9532008481137471,2
1663309023, 540353566,9921798428,4096,0.9943056511107747,2
1663309023, 540792627,9919710012,4096,0.9939699577192116,2
1663309023, 541838216,9926018940,4096,0.9944177372389285,2
1663309023, 549120840,9954222096,4096,0.8605985450795456,2
1663309023, 612464855,9954238480,4096,0.9661232532879394,2
1663309024, 163202671,9968197648,4096,0.8120389114296894,2
1663309024, 513304300,9980084247,4096,0.9900580843190953,2
1663309024, 524390334,9946533911,4096,0.9919309601025441,2
1663309024, 548109317,9983279127,4096,0.9345177114703949,2
1663309024, 748968681,9988702231,4096,0.993784376851019,2
1663309024, 887329949,9988984855,4096,0.9712066022362528,2
1663309025, 553469016,10007396368,4096,0.7823747183193506,2
1663309025, 687056429,10011103260,4096,0.8535854863917511,2
1663309026,  23836996,19499322856,4096,0.5795248181690628,2
1663309026,  69154799,10022317968,4096,0.9937166218479763,2
1663309026,  72099409,10020278288,4096,0.9890448315770447,2
1663309026,  94361764,10025467992,4096,0.9935928017336879,2
1663309026, 332358861,9992966416,4096,0.671389207194322,2
1663309026, 334666886,10020356112,4096,0.8981851877994128,2
1663309026, 549160774,10047717836,4096,0.9937277841020965,2
1663309026, 688909004,10042595612,4096,0.9931354858261737,2
1663309028,  33092140,10076221772,4096,0.9919716567350093,2
1663309028, 717510765,10092339968,4096,0.75968396949036,2
1663309028, 797389900,10094657548,4096,0.8125492170157478,2
1663309028, 830652297,10094832784,4096,0.6411856528648926,2
1663309029,  94468254,10064248940,4096,0.0812217170719622,2
1663309029, 130654866,10064662551,4096,0.7994507648378337,2
1663309029, 283898064,10117292716,4096,0.9890794491209665,2
1663309029, 382657917,10121552700,4096,0.8485762607765295,2
1663309029, 391900752,10090135575,4096,0.9865072515607058,2
1663309029, 400493046,10127704092,4096,0.8001831820029703,2
1663309029, 454231383,10099740684,4096,0.5106527000933814,2
1663309029, 465319564,10098720924,4096,0.9916269452569103,2
1663309029, 502640865,10101907756,4096,0.7361852777797062,2
1663309029, 513623844,10103002668,4096,0.9927841821508717,2
1663309029, 517274817,10101908012,4096,0.9875880438635556,2
1663309029, 519312320,10088255504,4096,0.9864777230560889,2
1663309029, 544671611,10105884956,4096,0.9926689886545885,2
1663309029, 579151357,10107363351,4096,0.9864276413305655,2
1663309029, 853134321,10070552592,4096,0.9008074507025216,2
1663309030, 122925379,10185937580,4096,0.9936338465633151,2
1663309030, 314680390,10184952976,4096,0.9761307308790538,2
1663309030, 361852127,10161946647,4096,0.9895867154566637,2
1663309030, 381247052,10199552012,4096,0.922001183445362,2
1663309030, 383582988,10184048336,4096,0.7961805663316597,2
1663309030, 514262290,19497245160,4096,0.37464523500584157,2
1663309030, 627077478,10171207692,4096,0.8279824535911388,2
1663309030, 798679674,10176069648,4096,0.9624842250828063,2
1663309030, 802872765,10176073744,4096,0.9431835725192264,2
1663309030, 804648334,10174947436,4096,0.9905943153480041,2
1663309030, 806595663,10216902684,4096,0.8316583897344224,2
1663309030, 920037775,10217369612,4096,0.45953623345436057,2
1663309031,  75377631,10229365832,4096,0.9609469324965207,2
1663309031, 817353993,10195505175,4096,0.3904554863216796,2
1663309032, 152989247,10234680812,4096,0.9821808780615334,2
1663309032, 587513063,10205020732,4096,0.9666017773842792,2
1663309032, 641349088,10179650140,4096,0.9870107538750038,2
1663309032, 659551354,10179649884,4096,0.9867390789164369,2
1663309032, 801301661,10210119996,4096,0.9933188206719118,2
1663309032, 817482527,10210120220,4096,0.9932670830221908,2
1663309032, 863901740,10253812524,4096,0.9937604012111911,2
1663309032, 944841493,10221708876,4096,0.9932716401727848,2
1663309032, 959125484,10251890704,4096,0.9758919854617986,2
1663309032, 966921241,10221576215,4096,0.9859134269794282,2
1663309032, 980337844,10259342364,4096,0.9777624370182669,2
1663309033, 281506234,10247227456,4096,0.9914117091579263,2
1663309033, 402239558,10250769600,4096,0.9933807126238603,2
1663309033, 461628799,10287792151,4096,0.9938711316143604,2
1663309033, 476619153,10108268908,4096,0.9541892540117198,2
1663309033, 478006115,10250056300,4096,0.4803289006641272,2
1663309033, 480906712,10250056300,4096,0.5171862031261705,2
1663309033, 489704044,10244325392,4096,0.9628607867516247,2
1663309033, 493025453,10244325392,4096,0.9248053051985613,2
1663309033, 505975084,10290954263,4096,0.9906142823533679,2
1663309033, 514082156,10245398544,4096,0.9606603188552322,2
1663309033, 574876608,10257622544,4096,0.9688416390504686,2
1663309033, 595082025,10295548188,4096,0.7555729338402312,2
1663309033, 635855702,10299670540,4096,0.7988122067411361,2
1663309033, 932492736,10307428668,4096,0.497561520647439,2
1663309034, 257084896,10335162560,4096,0.9890733207827744,2
1663309034, 578015235,10301308944,4096,0.9713459721761352,2
1663309034, 789452869,10317595904,4096,0.6355439874226716,2
1663309034, 792107634,10318204951,4096,0.9845461153987977,2
1663309035, 159843759,10330791952,4096,0.810019613269607,2
1663309035, 173000575,10293474908,4096,0.9928796299776236,2
1663309036,  44042880,19495137512,4096,0.40163407009525787,2
1663309036, 256683907,10345599244,4096,0.9636938027204055,2
1663309036, 286487488,10350874684,4096,0.988814814034865,2
1663309036, 760948724,10398308092,4096,0.06269332276470288,2
1663309036, 783915183,10398313104,4096,0.9862954572448199,2
1663309037, 405174435,10403979280,4096,0.9763076347875903,2
1663309038,    487080,10431496284,4096,0.9671525973382102,2
1663309038,   2364632,10389569628,4096,0.9725081567555968,2
1663309038, 114705445,10429726736,4096,0.9708388254781705,2
1663309038, 440878758,10468491276,4096,0.8825263890292496,2
1663309038, 513257349,10420220060,4096,0.9937461197655011,2
1663309038, 514419949,10470555804,4096,0.9935858073510502,2
1663309038, 515845557,10420220492,4096,0.993675975876878,2
1663309038, 516983467,10470557180,4096,0.993527073442508,2
1663309038, 532694140,10437034268,4096,0.9898612254595455,2
1663309038, 611437512,10468171792,4096,0.932888392892339,2
1663309038, 646552770,10445492284,4096,0.9847189571708529,2
1663309038, 665904755,10410954775,4096,0.9917991464527365,2
1663309038, 761773672,10455089175,4096,0.9911815412972764,2
1663309038, 995704351,10458349591,4096,0.9900984427155475,2
1663309039,   9829576,10462901772,4096,0.9912688983560749,2
1663309039,  41382850,10457301036,4096,0.9756844907835058,2
1663309039,  48419642,10457328240,4096,0.9826155369212645,2
1663309039,  48937181,10501095596,4096,0.9501961050884364,2
1663309039, 230396253,10502979607,4096,0.9401505204160008,2
1663309039, 819213150,10490581260,4096,0.9921620233791738,2
1663309039, 880079527,10490581260,4096,0.9911318146169877,2
1663309040, 542364728,10539274256,4096,0.9630413204247031,2
1663309040, 547335033,10539274256,4096,0.9485055959845651,2
1663309040, 558406039,10541395980,4096,0.9757177340149273,2
1663309040, 559871366,10516238364,4096,0.7998197375878446,2
1663309040, 566522772,10539286544,4096,0.9566503477353437,2
1663309040, 570628910,10539294736,4096,0.9774249843513697,2
1663309040, 595890512,10556710935,4096,0.517119217367178,2
1663309040, 607931961,19493031448,4096,0.5738264356859548,2
1663309040, 612196977,19493028328,4096,0.5872470468630362,2
1663309040, 628677349,10524336151,4096,0.9932923727782893,2
1663309040, 944935816,10531159728,4096,0.7602548101233898,2
1663309041,   3993457,10574758188,4096,0.9932214388115873,2
1663309041,  41629293,10497265680,4096,0.9440694233054863,2
1663309041,  67360977,10574917655,4096,0.825298371604037,2
1663309041, 399142366,10542411804,4096,0.9074504706624229,2
1663309041, 500084644,10575429648,4096,0.8539431831525205,2
1663309041, 574258127,10580177024,4096,0.8012289092480438,2
1663309041, 849584039,10582298647,4096,0.1510318739835127,2
1663309042,  32379731,10582995248,4096,0.9853816423440842,2
1663309042,  63852604,10585583628,4096,0.9856702751141073,2
1663309042,  68427861,10584220604,4096,0.9581040074034173,2
1663309042, 161323183,10519101456,4096,0.9340590122499085,2
1663309042, 861497456,10616344592,4096,0.979715966765129,2
1663309042, 864143633,10616344592,4096,0.9675901497507714,2
1663309042, 899365168,10616352784,4096,0.9856770111437607,2
1663309042, 901324306,10616352784,4096,0.976679292955317,2
1663309042, 903376838,10616352784,4096,0.9484359894419323,2
1663309042, 904300048,10616352784,4096,0.9484525969671815,2
1663309043,  64422234,10566070288,4096,0.9468232066229537,2
1663309043,  66468325,10600002284,4096,0.9569929722632267,2
1663309043,  69299256,10553098263,4096,0.9931551812927597,2
1663309043,  87269646,10643288087,4096,0.9909862466445832,2
1663309043, 104971661,10646807616,4096,0.9928151899181529,2
1663309043, 212775752,10570301456,4096,0.9836765509951537,2
1663309043, 213545451,10649057084,4096,0.9908283407408376,2
1663309043, 230090233,10615566359,4096,0.9912107058003137,2
1663309043, 248338660,10600013836,4096,0.9679032918237798,2
1663309043, 274547089,10570313744,4096,0.9650397100247776,2
1663309044,  70278002,10683211792,4096,0.9788239124044303,2
1663309044,  81544384,10683211792,4096,0.9788239124044303,2
1663309044,  99394542,10681404560,4096,0.716172126737549,2
1663309044, 131364446,10690279968,4096,0.9929099754703584,2
1663309044, 250559445,10692227095,4096,0.994372154638688,2
1663309044, 251722045,10645620288,4096,0.9271894781301556,2
1663309044, 279152117,10691457148,4096,0.9918898889933375,2
1663309044, 324022270,10657936092,4096,0.9796211395938098,2
1663309044, 444314386,10624233495,4096,0.06498411722060643,2
1663309044, 926135538,10678407168,4096,0.8493029636553387,2
1663309044, 937637017,10700730384,4096,0.8805506081815628,2
1663309044, 960370527,10716467223,4096,0.8399877660790945,2
1663309044, 969613362,10678677232,4096,0.9807528642255194,2
1663309045, 727342375,10724868119,4096,0.6513256712826468,2
1663309046,  90166163,10705035280,4096,0.9458502919812829,2
1663309046,  99061184,10708094999,4096,0.9865776002454821,2
1663309046, 117411593,10697961660,4096,0.990593402722305,2
1663309046, 192228102,10674852172,4096,0.9927999254281036,2
1663309046, 196319211,10705051664,4096,0.8931796717339006,2
1663309046, 205156263,10674938364,4096,0.993856405312854,2
1663309046, 321302522,10712309783,4096,0.9925527656865013,2
1663309046, 367980449,10726945212,4096,0.9916859930132759,2
1663309046, 397669165,10730467351,4096,0.9569362650044505,2
1663309046, 420844956,10696000204,4096,0.9544611966935636,2
1663309046, 460883286,10736767660,4096,0.9715641020874255,2
1663309046, 461949271,10722209916,4096,0.987119192221359,2
1663309046, 471412174,10705145872,4096,0.9755625123738504,2
1663309047, 127578425,19481608216,4096,0.40395111488872276,2
1663309047, 129190822,19481632744,4096,0.3760125596336181,2
1663309047, 174493596,10739109911,4096,0.9887682462886459,2
1663309047, 904638915,10744406140,4096,0.7230010335203271,2
1663309050,   2356900,10759573527,4096,0.7837116232765827,2
1663309050, 771998542,10780123388,4096,0.7133919972113236,2
1663309051,  91281171,10784321836,4096,0.7446264356811305,2
1663309051, 361492929,10791125180,4096,0.7660659299926216,2
1663309052, 558425144,10844286999,4096,0.882492893714027,2
1663309053,  69282436,10832855063,4096,0.6903205958247803,2
1663309055, 178512635,10524195584,4096,0.935189629028129,2
1663309055, 180456743,19488859160,4096,0.3540596045473899,2
1663309055, 183884429,19488852248,4096,0.5818149009063086,2
1663309055, 208128353,19488866168,4096,0.70307324067882,2
1663309055, 252429551,10888683884,4096,0.9930035612922884,2
1663309055, 396613483,10898339868,4096,0.1114547445175045,2
1663309055, 545893319,10902909208,4096,0.8370454857591294,2
1663309055, 705910303,10869954912,4096,0.9663193970176304,2
1663309056,  85292829,10925572108,4096,0.8337637881547573,2
1663309056, 184400496,10943717584,4096,0.6475464066809897,2
1663309056, 212246012,10953981968,4096,0.747089108961055,2
1663309056, 222101816,10945871884,4096,0.9443110215073026,2
1663309056, 268528544,10948145228,4096,0.7015121299004201,2
1663309056, 317347030,10952312604,4096,0.7699281857079084,2
1663309056, 320123101,10989564012,4096,0.8164167489864248,2
1663309056, 765334682,10958037244,4096,0.9925072334142103,2
1663309056, 766519826,10901319344,4096,0.938381202580676,2
1663309057, 150784630,10962837960,4096,0.3536576231249243,2
1663309057, 608747245,10975186967,4096,0.9930547342639104,2
1663309057, 632688442,10975973644,4096,0.8608575917503375,2
1663309058, 164755946,10994036764,4096,0.8346886449284213,2
1663309058, 176652473,10997043208,4096,0.6718551843669021,2
1663309058, 182396772,10998091792,4096,0.5130172910675105,2
1663309058, 690320076,11011689616,4096,0.8254902005782543,2
1663309058, 700387359,11014938972,4096,0.8028364786979841,2
1663309059,  86439541,11032694844,4096,0.8652965911516906,2
1663309059, 102037496,11028927920,4096,0.9721841224850437,2
1663309059, 118341814,11033813052,4096,0.9929021697112946,2
1663309059, 138511805,11035803948,4096,0.9899870337246417,2
1663309059, 145416557,11016990736,4096,0.9930532533991275,2
1663309059, 190259873,11035804012,4096,0.9076547730793256,2
1663309059, 231665841,11043660144,4096,0.9915461330607953,2
1663309059, 240188358,11047448592,4096,0.7004591278943086,2
1663309059, 257647762,11046477847,4096,0.9875289957689326,2
1663309059, 416812386,11002470416,4096,0.9506583680161775,2
1663309059, 445180697,19486744600,4096,0.3726253608341089,2
1663309059, 472115886,11097358972,4096,0.7118212962519742,2
1663309059, 486313997,19486746088,4096,0.656055728783066,2
1663309059, 545741883,11069255820,4096,0.8183330634835155,2
1663309059, 805596514,11039056028,4096,0.6199108551503606,2
1663309060,  58518593,11095121948,4096,0.7014862475011258,2
1663309060,  84312651,11007490560,4096,0.858062698003013,2
1663309060, 438775910,11108192540,4096,0.2320797913400225,2
1663309060, 707001693,10393288844,4096,0.9929496894752035,2
1663309060, 709337629,10393288844,4096,0.9927234483585888,2
1663309060, 727590350,11007287404,4096,0.9574625768969981,2
1663309061,  33491689,11084591324,4096,0.9935611008422273,2
1663309061,  36321435,11084591324,4096,0.9628414292542418,2
1663309061, 230608944,11164131452,4096,0.8764102438907209,2
1663309061, 472752972,11135529852,4096,0.9885530236053373,2
1663309061, 475529043,11137646924,4096,0.9843481715211392,2
1663309061, 489255887,11136419856,4096,0.9747585037639278,2
1663309061, 490443178,11134671280,4096,0.8025827530878733,2
1663309061, 971869282,10610996268,4096,0.9940234940818025,2
1663309063, 258711528,11174461628,4096,0.7158058835600214,2
1663309063, 501654239,11113783504,4096,0.993621236042623,2
1663309063, 856583397,11194958076,4096,0.7943717759387401,2
1663309063, 858608018,11186798716,4096,0.9941760534797699,2
1663309064,  66511801,11198439948,4096,0.9735577375143817,2
1663309064, 759227396,11209278844,4096,0.12004981235780254,2
1663309065,   7603202,11077165072,4096,0.982547185524857,2
1663309065,  40929898,11213463568,4096,0.7433790130590059,2
1663309065, 189198609,11077214224,4096,0.9474185832514854,2
1663309065, 291793004,11192247532,4096,0.7590485131124945,2
1663309065, 301567222,11230037484,4096,0.843822394166001,2
1663309065, 370850912,11230249052,4096,0.7146200675355164,2
1663309065, 379762035,11232903228,4096,0.8488381131954299,2
1663309065, 623261893,11239936016,4096,0.9674622669058534,2
1663309065, 807636592,11249520764,4096,0.7955441721291161,2
1663309065, 937476417,11217944576,4096,-0.0,2
1663309065, 945012387,11218313292,4096,0.7708312039446209,2
1663309066,   6175049,11184250908,4096,0.9477810282208973,2
1663309066,  11974096,11245629532,4096,0.9241313289146076,2
1663309066,  21237328,11249549372,4096,0.7297891768885442,2
1663309066,  35001745,11257790472,4096,0.6170977782300541,2
1663309066,  40159912,9881895612,4096,0.9826798150547437,2
1663309066,  53423116,4934619152,4096,0.9818973288839797,2
1663309066, 225243232,11224236048,4096,0.147399474419532,2
1663309066, 765729012,19485007896,4096,0.5026587132773495,2
1663309066, 822783390,11268964368,4096,0.9688206769508508,2
1663309066, 829099864,11268968464,4096,0.9378146004995745,2
1663309066, 984615662,11283445932,4096,0.8607064679382115,2
1663309066, 988554334,11284774912,4096,0.7317580246986706,2
1663309067, 524000143,11313333036,4096,0.8131828064193466,2
1663309067, 572671559,11315532876,4096,0.9816349015717648,2
1663309067, 573474537,11309287452,4096,0.9941375304403508,2
1663309067, 574076771,11342852844,4096,0.9935838358099486,2
1663309067, 612838709,11320954012,4096,0.7221806732398451,2
1663309067, 614573485,11319971356,4096,0.7370013587359138,2
1663309067, 988236291,11351531852,4096,0.8058824881803063,2
1663309067, 998871456,11260551244,4096,0.991852556197316,2
1663309068,  27757305,11352875036,4096,0.7730167647858233,2
1663309068,  48826890,11352650812,4096,0.7342216169467174,2
1663309068, 210321009,11323687308,4096,0.9936882641101966,2
1663309068, 210822334,11352033804,4096,0.9872120736291845,2
1663309069,  17145471,11384328412,4096,0.7489115081235003,2
1663309069,  27792444,11376488604,4096,0.7234518606322948,2
1663309069,  35710580,11385438208,4096,0.7604697706310353,2
1663309069, 252073432,11376541756,4096,0.8596558725820225,2
1663309070,  33404304,11375226896,4096,0.9915591193787966,2
1663309070, 211480890,11291897879,4096,0.9927091724471695,2
1663309070, 418189756,11418919148,4096,0.8683528856548051,2
1663309070, 421021649,11344838716,4096,0.9307937192479996,2
1663309070, 425062303,11419201692,4096,0.7821853840336344,2
1663309070, 430285954,11421466624,4096,0.7360252861523845,2
1663309070, 766005903,11424162092,4096,0.992270164554884,2
1663309071, 575492645,11397051580,4096,0.9936467837144084,2
1663309071, 732303084,11406131420,4096,0.9932983190528107,2
1663309071, 737376445,11453595948,4096,0.7638208510717838,2
1663309071, 740772999,11402739980,4096,0.9924882735399838,2
1663309071, 741369865,11445743996,4096,0.6151564950763667,2
1663309071, 741845425,11443720476,4096,0.7100942018341774,2
1663309071, 742850221,11327505180,4096,0.9676024267997456,2
1663309071, 758093921,10421399560,4096,0.9836960619031087,2
1663309072, 119733639,11459748028,4096,0.9934548192084494,2
1663309072, 123235396,11430937708,4096,0.9263627332313296,2
1663309072, 125685123,11440800060,4096,0.7948561501386098,2
1663309072, 128512722,11362664448,4096,0.9814522687411324,2
1663309072, 302433678,11480297516,4096,0.6744663413211847,2
1663309072, 309943884,11481145804,4096,0.994035906845401,2
1663309072, 314754237,11482238060,4096,0.9864933880832046,2
1663309072, 316849709,11437121596,4096,0.6430128395428008,2
1663309072, 335655282,11482759184,4096,0.41461770331537,2
1663309072, 630733595,11490488343,4096,0.29374333137429565,2
1663309072, 748223876,11445338380,4096,0.9890621676927425,2
1663309072, 796032198,11445338380,4096,0.9726024280464535,2
1663309073,  16298407,11497848855,4096,0.03087832163434739,2
1663309073, 950578339,11498733591,4096,0.17686973480875004,2
1663309074, 249237959,11467993164,4096,0.7438368038498435,2
1663309074, 254750382,11344990224,4096,0.9820626156570215,2
1663309074, 297280305,11398066252,4096,0.6499493936462403,2
1663309074, 504860853,11467457116,4096,0.6531384190782873,2
1663309074, 513810622,11472662544,4096,0.9432580042057007,2
1663309074, 599537112,5065924608,4096,0.9817597682470349,2
1663309074, 638029601,10151895340,4096,0.9928387845666781,2
1663309074, 648206381,11516928016,4096,0.8975835179747188,2
1663309074, 839195987,11523883020,4096,0.7968566312390796,2
1663309074, 944856298,11529027607,4096,0.9912379929150937,2
1663309074, 950617772,11526817120,4096,0.5169475016172934,2
1663309074, 956203193,11532214295,4096,0.9912356544679288,2
1663309074, 985879027,11533316119,4096,0.9912855073333096,2
1663309075,  18853726,11501912087,4096,0.5495259936121153,2
1663309075,  40652217,11504017431,4096,0.9938200195226851,2
1663309075,  71603369,11530387472,4096,0.6252083638242563,2
1663309075, 462143854,11522874896,4096,0.9914491463758737,2
1663309075, 476329083,11509182588,4096,0.8075091317470254,2
1663309075, 652168383,11551154572,4096,0.4655751431442227,2
1663309075, 671624497,11552932256,4096,0.5354756576279127,2
1663309075, 780647010,11552718864,4096,0.7537234998324654,2
1663309075, 821645049,11558166551,4096,0.8100296082026734,2
1663309075, 908032814,11559559191,4096,0.38553292966718355,2
1663309076,  68969787,11563757612,4096,0.7958737143357345,2
1663309076, 227108257,11571208208,4096,0.9830892470250105,2
1663309076, 446807547,11433689116,4096,0.7802308483977987,2
1663309076, 819429058,11589640208,4096,0.9354916748356912,2
1663309076, 828027793,11549806608,4096,0.9822915556038865,2
1663309077,  49821593,11501937196,4096,0.9413152590698152,2
1663309077,  64125980,11600252940,4096,0.758904544616473,2
1663309077, 603635949,11574214876,4096,0.7060471903517498,2
1663309077, 806759325,11470573584,4096,0.992315411176733,2
1663309077, 988166869,11584970768,4096,0.9441942783037413,2
1663309078,  12231519,11640801052,4096,0.993547867342083,2
1663309079,  49998036,11617836560,4096,0.6841702491249738,2
1663309079,  90982230,11622268940,4096,0.991276671407552,2
1663309079, 574261195,11675123884,4096,0.7418758402771206,2
1663309079, 578142971,11667628044,4096,0.9849797795462722,2
1663309079, 579477332,11678130204,4096,0.8125949906150582,2
1663309081,  20277615,11577491472,4096,0.9715438772066979,2
1663309081,  22753106,11577491472,4096,0.9683025764118285,2
1663309081,  82230485,11577491472,4096,0.9634084367320621,2
1663309081,  85859989,11577491472,4096,0.9522983250979735,2
1663309081,  87439107,11577495568,4096,0.9873166114435542,2
1663309081, 329560591,11577495568,4096,0.9770222467669836,2
1663309081, 335265170,11577495568,4096,0.9361964000072234,2
1663309082, 584760239,11775168528,4096,0.7492070288527024,2
1663309082, 593643452,11806638096,4096,0.9839154286780031,2
1663309082, 614292224,11777789136,4096,0.9768609870283952,2
1663309083,   2011440,11750916544,4096,0.8050218212787379,2
1663309083,  30311158,11805667344,4096,0.6966097610961703,2
1663309083,  31702414,11728076816,4096,0.7827690436410295,2
1663309083, 193702152,11808838444,4096,0.99210327316595,2
1663309083, 194126185,11787159132,4096,0.9935954263590626,2
1663309083, 609933528,11796762647,4096,0.9922569786108303,2
1663309083, 613660720,11785110140,4096,0.6222576644782758,2
1663309083, 616851162,19478347800,4096,0.26770240898036957,2
1663309083, 619443664,19469959144,4096,0.27678414723658046,2
1663309083, 621485461,19472056280,4096,0.2767064343357298,2
1663309083, 622856321,19474153464,4096,0.2767064343357298,2
1663309083, 624111242,19476250600,4096,0.27678414723658046,2
1663309083, 625912575,19478347736,4096,0.2783774860239075,2
1663309083, 643253894,19478593512,4096,0.37661068374176365,2
1663309083, 677341813,11831382039,4096,0.932694400835867,2
1663309083, 686367801,11831386492,4096,0.9317569629242326,2
1663309083, 687082752,11725578956,4096,0.9940604325302691,2
1663309083, 763929250,11765444764,4096,0.9071658275527361,2
1663309083, 774401242,11832143916,4096,0.757548216855643,2
1663309084,  24403401,11811491868,4096,0.6152057713301664,2
1663309084,  25192424,11845070940,4096,0.9860682299075484,2
1663309084, 102816135,11816366096,4096,0.9307475534153694,2
1663309084, 120859523,11816390672,4096,0.9370260362504365,2
1663309084, 124769210,11818426384,4096,0.9510630373448131,2
1663309084, 495839514,11881893911,4096,0.6913003390900115,2
1663309084, 528246332,11848498096,4096,0.44091810542429294,2
1663309084, 528981680,11817988112,4096,0.8202873799081845,2
1663309084, 532904249,11848512560,4096,0.993126870490123,2
1663309084, 565024442,11850653719,4096,0.9905639661385408,2
1663309084, 669570460,11878924880,4096,0.9351089512674706,2
1663309084, 888606327,11854919084,4096,0.9554366772518252,2
1663309085, 139958949,11908452375,4096,0.9934603650135608,2
1663309085, 164757872,11913846807,4096,0.9914317152045535,2
1663309085, 171649742,11912832800,4096,0.9831581857285455,2
1663309085, 262648190,11911643152,4096,0.9731100939122435,2
1663309085, 726582685,11941798284,4096,0.9937137210249303,2
1663309085, 913101163,11945503440,4096,0.8454354879682728,2
1663309085, 973124842,11947490152,4096,0.158796831770469,2
1663309086,  11244939,11947494568,4096,0.23544239168691197,2
1663309086,  11819261,11946824160,4096,0.8248528489726729,2
1663309086, 355502433,11950673943,4096,0.029968400934555408,2
1663309086, 367214318,11941249047,4096,0.7688817678113389,2
1663309086, 368011929,11855921564,4096,0.9584965880923162,2
1663309086, 511013937,11918184471,4096,0.17853064256259787,2
1663309086, 532396984,11942502416,4096,0.9060509040622668,2
1663309086, 873524152,11925595628,4096,0.6503150687661524,2
1663309087,   1727963,11926839319,4096,0.9838666871616119,2
1663309087, 255320980,19476468968,4096,0.6749036029200184,2
1663309087, 457867886,11959767056,4096,0.9790307784813861,2
1663309087, 519631709,12022006028,4096,0.9933068598828336,2
1663309087, 520037492,11989504540,4096,0.993645870810756,2
1663309087, 520473333,11998989772,4096,0.9942455607111038,2
1663309087, 572944939,11959824400,4096,0.9809718870571187,2
1663309087, 601731915,11959828496,4096,0.9625588912231612,2
1663309087, 607428980,11959832592,4096,0.8503190301270218,2
1663309087, 853489135,12045952400,4096,0.6924660560747772,2
1663309088, 122207767,12022734864,4096,0.9652815365402443,2
1663309088, 123675241,12022734864,4096,0.950407470233068,2
1663309088, 558735807,12089274384,4096,0.972892971841819,2
1663309088, 575871014,12089286672,4096,0.9748208446062775,2
1663309088, 590503892,12064694295,4096,0.9915300262268961,2
1663309088, 611442510,12088258576,4096,0.955234952274167,2
1663309088, 612015759,12069027863,4096,0.9892529677152503,2
1663309088, 615155746,12091408400,4096,0.9906441728567111,2
1663309088, 621812520,12071129111,4096,0.986070993476302,2
1663309088, 644798302,12076470295,4096,0.9933492557954632,2
1663309088, 808521007,12091498512,4096,0.9607627565197908,2
1663309088, 933286398,12102096752,4096,0.769709663011399,2
1663309089, 122409298,12109185040,4096,0.9778087924960539,2
1663309089, 202809081,12109205520,4096,0.963660338677823,2
1663309089, 204424698,12109205520,4096,0.9600713491225836,2
1663309089, 508998118,12158865431,4096,0.05745513368259772,2
1663309089, 514171315,12049658272,4096,0.9664941551090294,2
1663309089, 585878968,12157280000,4096,0.8006087883721823,2
1663309089, 683599673,12033847308,4096,0.9813326494830377,2
1663309089, 685461122,12060127240,4096,0.978445638686311,2
1663309089, 691107732,12073701376,4096,0.9827343093672394,2
1663309089, 693822613,11820109824,4096,0.9826178880536595,2
1663309089, 694371172,12036817276,4096,0.9878537375795952,2
1663309089, 697536923,11742044572,4096,0.47955764405567153,2
1663309089, 751290289,12142381184,4096,0.7987064728345434,2
1663309089, 758879934,12142381792,4096,0.7847649050256752,2
1663309089, 892706738,12145394508,4096,0.9935254505997448,2
1663309090,   3589738,12144746512,4096,0.979075421717792,2
1663309090,  18065774,12160812112,4096,0.9892091806295162,2
1663309090,  41358688,12150698896,4096,0.956345140872457,2
1663309090, 187674591,19474377496,4096,0.3908351416714835,2
1663309090, 487010405,12156909116,4096,0.6862089409431849,2
1663309090, 937428461,12192926872,4096,0.201386113061008,2
1663309091, 294782767,12173963287,4096,0.12179349433353998,2
1663309091, 548681620,12173978768,4096,0.6920160533548246,2
